,CHR,SNP,BP,A1,TEST,NMISS,OR,STAT,P
573,9,9g.136131651G>A,136131650,A,ADD,157,11.33,3.509,0.0004505
819,17,17g.61562440A>T,61562439,T,ADD,157,215.3,3.278,0.001044
507,8,8g.143994806A>G,143994805,G,ADD,157,15.82,3.197,0.001389
822,17,17g.61562445A>T,61562444,T,ADD,157,63.75,2.8169999999999997,0.004845
936,19,19g.118726G>A,118725,A,ADD,157,100.8,2.779,0.005454
1815,19,19g.55377265T>C,55377264,C,ADD,157,7.6610000000000005,2.73,0.006331
135,2,2g.147596973A>G,147596972,G,ADD,157,2.7060000000000004,2.727,0.006384
768,12,12g.69326547C>T,69326546,T,ADD,157,8.089,2.7239999999999998,0.0064540000000000005
72,1,1g.161518286C>T,161518285,T,ADD,157,11.58,2.5780000000000003,0.00995
762,12,12g.69263979A>G,69263978,G,ADD,157,7.1610000000000005,2.4730000000000003,0.0134
1782,19,19g.55365302C>T,55365301,T,ADD,157,0.2021,-2.455,0.0141
1803,19,19g.55367311G>A,55367310,A,ADD,157,0.2021,-2.455,0.0141
753,12,12g.68195095C>G,68195094,C,ADD,157,2.1919999999999997,2.353,0.01863
414,6,6g.41309552T>C,41309551,T,ADD,157,2.255,2.3280000000000003,0.0199
1809,19,19g.55377249T>C,55377248,C,ADD,157,6.001,2.3080000000000003,0.021
555,9,9g.136131415C>T,136131414,T,ADD,157,0.184,-2.278,0.02273
546,9,9g.136131322G>T,136131321,T,ADD,157,0.184,-2.278,0.02273
534,9,9g.136131188C>T,136131187,T,ADD,157,0.184,-2.278,0.02273
561,9,9g.136131461G>A,136131460,A,ADD,157,0.184,-2.278,0.02273
540,9,9g.136131315C>G,136131314,G,ADD,157,0.184,-2.278,0.02273
1899,21,21g.42845374G>A,42845373,A,ADD,157,0.3555,-2.2430000000000003,0.024880000000000003
939,19,19g.118735C>T,118734,T,ADD,157,15.8,2.221,0.02635
264,3,3g.154886278T>C,154886277,C,ADD,157,3.608,2.207,0.027339999999999996
252,3,3g.148459884A>G,148459883,G,ADD,157,3.9789999999999996,2.171,0.02997
1908,21,21g.42852497C>T,42852496,T,ADD,157,0.4183,-2.131,0.03305
669,11,11g.113111501T>C,113111500,C,ADD,157,2.0469999999999997,2.122,0.033839999999999995
1422,19,19g.55294486C>T,55294485,T,ADD,157,0.04986,-2.119,0.034089999999999995
732,12,12g.10573145C>T,10573144,T,ADD,157,0.4813,-2.096,0.0361
1812,19,19g.55377255T>C,55377254,C,ADD,157,4.395,2.0709999999999997,0.0384
789,16,16g.67469733C>A,67469732,A,ADD,157,4.781000000000001,2.0669999999999997,0.0387
627,11,11g.82550387A>G,82550386,G,ADD,157,4.141,2.039,0.04145
477,7,7g.150704250C>G,150704249,G,ADD,157,2.234,2.039,0.04147
663,11,11g.113102356A>C,113102355,C,ADD,157,5.263,1.996,0.045919999999999996
1905,21,21g.42848561_42848562delAG,42848560,G,ADD,157,7.905,1.949,0.0513
1914,21,21g.42866296T>C,42866295,C,ADD,157,2.707,1.939,0.05246
621,11,11g.57381989G>A,57381988,A,ADD,157,0.4813,-1.915,0.05554
1020,19,19g.55144141A>G,55144140,G,ADD,157,3.279,1.895,0.05815
1167,19,19g.55258778G>A,55258777,A,ADD,157,0.4759,-1.89,0.05872
1818,19,19g.55377279T>C,55377278,C,ADD,157,4.158,1.882,0.05989
528,9,9g.133263923T>C,133263922,T,ADD,157,5.542000000000001,1.8769999999999998,0.06056
354,5,5g.57617403G>C,57617402,G,ADD,157,0.5413,-1.8559999999999999,0.0635
873,19,19g.66836T>C,66835,C,ADD,157,3.984,1.848,0.06465
192,3,3g.45834811G>T,45834810,T,ADD,157,2.343,1.8359999999999999,0.06627999999999999
120,1,1g.230840096T>C,230840095,C,ADD,157,0.2617,-1.821,0.06854
1776,19,19g.55363719C>G,55363718,G,ADD,157,2.074,1.814,0.06974
165,2,2g.242795103T>G,242795102,G,ADD,157,2.5540000000000003,1.811,0.07016
309,4,4g.55602765G>C,55602764,C,ADD,157,2.575,1.797,0.07239
1530,19,19g.55327960C>T,55327959,C,ADD,157,1.7530000000000001,1.7819999999999998,0.07472999999999999
1821,19,19g.55377280G>A,55377279,A,ADD,157,3.3560000000000003,1.754,0.07939
1911,21,21g.42860307C>T,42860306,C,ADD,157,0.54,-1.742,0.08142
870,19,19g.66827T>G,66826,G,ADD,157,3.615,1.732,0.08319
681,12,12g.6882895T>A,6882894,A,ADD,157,7.595,1.714,0.08646000000000001
324,4,4g.149356300A>G,149356299,G,ADD,157,5.181,1.676,0.09375
237,3,3g.60898434T>C,60898433,C,ADD,157,0.5614,-1.669,0.09522
0,1,1g.11807615G>C,11807614,C,ADD,157,0.1225,-1.6680000000000001,0.09531
858,18,18g.67534642C>T,67534641,T,ADD,157,0.3217,-1.666,0.09566000000000001
102,1,1g.169676486A>G,169676485,G,ADD,157,0.5346,-1.665,0.09586
1080,19,19g.55148031T>C,55148030,C,ADD,157,0.1487,-1.662,0.09652999999999999
705,12,12g.10571042A>G,10571041,A,ADD,157,12.77,1.6540000000000001,0.09808
1851,19,19g.55377814G>A,55377813,A,ADD,157,2.681,1.651,0.09873
1521,19,19g.55324635T>C,55324634,T,ADD,157,1.6669999999999998,1.6480000000000001,0.09934
1518,19,19g.55324566C>T,55324565,C,ADD,157,1.6669999999999998,1.6480000000000001,0.09934
522,9,9g.90062823A>G,90062822,A,ADD,157,0.5469,-1.646,0.09967999999999999
162,2,2g.242794473T>G,242794472,G,ADD,157,3.417,1.5930000000000002,0.1113
1494,19,19g.55317524G>A,55317523,A,ADD,157,1.883,1.5919999999999999,0.1114
1569,19,19g.55329892A>G,55329891,G,ADD,157,1.883,1.5919999999999999,0.1114
1581,19,19g.55330019C>T,55330018,T,ADD,157,1.883,1.5919999999999999,0.1114
1053,19,19g.55145454G>A,55145453,A,ADD,157,2.336,1.591,0.1115
1590,19,19g.55331308C>A,55331307,A,ADD,157,0.1571,-1.577,0.1147
183,3,3g.45813993G>A,45813992,A,ADD,157,0.1176,-1.56,0.1188
1617,19,19g.55336474A>G,55336473,G,ADD,157,2.414,1.551,0.1208
1890,20,20g.14167283A>G,14167282,A,ADD,157,1.6980000000000002,1.547,0.1219
606,10,10g.101824954G>A,101824953,A,ADD,157,0.152,-1.546,0.1221
867,19,19g.62470_62471insG,62469,G,ADD,123,0.4199,-1.5319999999999998,0.1254
1065,19,19g.55146106C>G,55146105,G,ADD,157,3.4530000000000003,1.5,0.1336
777,14,14g.96703484C>T,96703483,T,ADD,157,2.278,1.489,0.1366
1572,19,19g.55329901A>G,55329900,A,ADD,157,1.574,1.483,0.1381
987,19,19g.51647798C>G,51647797,G,ADD,157,0.4934,-1.4780000000000002,0.1394
918,19,19g.94807T>C,94806,C,ADD,157,0.1612,-1.47,0.1414
954,19,19g.128734C>T,128733,T,ADD,157,3.448,1.455,0.1456
1632,19,19g.55340906G>A,55340905,A,ADD,157,1.639,1.445,0.1485
1887,19,19g.55423530C>T,55423529,T,ADD,157,1.922,1.4409999999999998,0.1495
1551,19,19g.55329783A>G,55329782,A,ADD,157,1.557,1.439,0.1502
255,3,3g.154801978A>G,154801977,G,ADD,157,5.314,1.4380000000000002,0.1503
1623,19,19g.55340835C>T,55340834,T,ADD,157,1.6369999999999998,1.4380000000000002,0.1506
1629,19,19g.55340841G>C,55340840,C,ADD,157,1.6369999999999998,1.4380000000000002,0.1506
1833,19,19g.55377319C>A,55377318,A,ADD,157,2.124,1.4340000000000002,0.1515
585,9,9g.136133531A>G,136133530,G,ADD,157,0.6041,-1.429,0.1531
1626,19,19g.55340836A>G,55340835,G,ADD,157,1.581,1.42,0.1556
279,3,3g.186445052T>G,186445051,G,ADD,157,0.4682,-1.412,0.158
1059,19,19g.55146076C>T,55146075,T,ADD,157,2.459,1.41,0.1586
1062,19,19g.55146077A>G,55146076,G,ADD,157,2.459,1.41,0.1586
351,4,4g.187179210T>C,187179209,T,ADD,157,1.5819999999999999,1.406,0.1598
204,3,3g.45834994C>A,45834993,A,ADD,157,0.2587,-1.399,0.1618
771,12,12g.108686008C>G,108686007,G,ADD,157,0.6572,-1.396,0.1628
438,6,6g.161137779T>C,161137778,C,ADD,157,1.577,1.393,0.1636
1146,19,19g.55255326C>T,55255325,T,ADD,157,5.537999999999999,1.3869999999999998,0.1653
1056,19,19g.55145481C>G,55145480,G,ADD,157,2.077,1.386,0.1657
33,1,1g.11896141A>G,11896140,G,ADD,157,10.44,1.3840000000000001,0.1663
1116,19,19g.55253422C>T,55253421,T,ADD,157,0.4349,-1.383,0.1666
429,6,6g.160328620C>T,160328619,T,ADD,157,1.693,1.383,0.1666
1512,19,19g.55317669C>G,55317668,G,ADD,157,0.6317,-1.3769999999999998,0.1684
882,19,19g.67621C>T,67620,T,ADD,157,2.673,1.376,0.1689
492,8,8g.143994253C>T,143994252,T,ADD,157,4.171,1.358,0.1744
1599,19,19g.55331419C>T,55331418,T,ADD,157,1.641,1.3559999999999999,0.1752
1029,19,19g.55144186C>T,55144185,C,ADD,157,0.5799,-1.3519999999999999,0.1765
1425,19,19g.55294927A>G,55294926,A,ADD,157,1.5959999999999999,1.347,0.1781
372,5,5g.176831589G>A,176831588,A,ADD,157,0.1838,-1.3459999999999999,0.1782
849,17,17g.72469966G>A,72469965,A,ADD,157,1.656,1.3330000000000002,0.1824
1077,19,19g.55147074C>T,55147073,T,ADD,157,1.995,1.31,0.1901
1317,19,19g.55284976A>G,55284975,G,ADD,157,1.851,1.306,0.1916
1026,19,19g.55144179C>T,55144178,T,ADD,157,0.2084,-1.298,0.1944
1017,19,19g.55144126C>T,55144125,T,ADD,157,0.2084,-1.298,0.1944
1740,19,19g.55350979A>G,55350978,G,ADD,157,1.517,1.294,0.1958
1095,19,19g.55148242C>T,55148241,T,ADD,157,0.4732,-1.2919999999999998,0.1963
375,5,5g.176831826C>G,176831825,C,ADD,157,5.471,1.287,0.1981
1854,19,19g.55377853G>C,55377852,C,ADD,157,1.82,1.28,0.2004
462,6,6g.161173946T>G,161173945,T,ADD,157,0.6707,-1.272,0.2034
1749,19,19g.55354384G>A,55354383,A,ADD,157,0.4265,-1.268,0.2048
1125,19,19g.55253521C>G,55253520,G,ADD,157,0.6184,-1.2670000000000001,0.2051
570,9,9g.136131592G>C,136131591,C,ADD,157,0.5191,-1.265,0.2057
1479,19,19g.55317456G>A,55317455,A,ADD,157,0.6517,-1.264,0.2062
168,2,2g.242800900G>A,242800899,A,ADD,157,0.2233,-1.2590000000000001,0.2081
159,2,2g.242793433G>A,242793432,A,ADD,157,0.2233,-1.2590000000000001,0.2081
1089,19,19g.55148076G>A,55148075,A,ADD,157,2.4219999999999997,1.255,0.2095
105,1,1g.169677709A>G,169677708,G,ADD,157,1.531,1.2409999999999999,0.2145
1575,19,19g.55329922A>T,55329921,T,ADD,157,0.6759,-1.237,0.2162
1536,19,19g.55328993G>C,55328992,C,ADD,157,0.6759,-1.237,0.2162
1119,19,19g.55253450T>G,55253449,G,ADD,157,0.2432,-1.2309999999999999,0.2182
1134,19,19g.55253567A>G,55253566,G,ADD,157,0.2432,-1.2309999999999999,0.2182
1155,19,19g.55255454A>G,55255453,G,ADD,157,0.2432,-1.2309999999999999,0.2182
1176,19,19g.55258830C>T,55258829,T,ADD,157,0.5902,-1.22,0.2224
1539,19,19g.55329021A>G,55329020,G,ADD,157,0.6797,-1.219,0.2227
612,10,10g.101841153A>G,101841152,A,ADD,157,1.7930000000000001,1.2109999999999999,0.2258
381,6,6g.30457732T>C,30457731,T,ADD,157,0.6283,-1.21,0.2262
378,5,5g.176836532A>G,176836531,A,ADD,157,0.6304,-1.21,0.2262
891,19,19g.70102T>C,70101,C,ADD,157,2.218,1.21,0.2264
15,1,1g.11854896G>A,11854895,A,ADD,157,1.6909999999999998,1.202,0.2293
1614,19,19g.55333275G>T,55333274,T,ADD,157,1.5430000000000001,1.198,0.2311
1611,19,19g.55333246C>T,55333245,T,ADD,157,1.5430000000000001,1.198,0.2311
483,7,7g.150709571G>T,150709570,T,ADD,157,1.51,1.196,0.2319
930,19,19g.118625T>C,118624,C,ADD,157,1.8419999999999999,1.195,0.23199999999999998
306,4,4g.55599268C>T,55599267,T,ADD,157,0.2666,-1.189,0.2345
1830,19,19g.55377307T>A,55377306,A,ADD,157,2.166,1.186,0.2354
156,2,2g.242793273A>G,242793272,A,ADD,157,1.496,1.183,0.2368
720,12,12g.10572544T>C,10572543,C,ADD,157,1.358,1.181,0.2375
84,1,1g.161518336C>T,161518335,T,ADD,157,0.5788,-1.177,0.2394
1470,19,19g.55316545C>A,55316544,A,ADD,157,1.8019999999999998,1.17,0.2422
1863,19,19g.55377884C>T,55377883,T,ADD,157,1.7280000000000002,1.157,0.2474
189,3,3g.45817418A>G,45817417,A,ADD,157,0.3276,-1.147,0.2512
1446,19,19g.55316438A>T,55316437,T,ADD,157,2.408,1.1420000000000001,0.2534
981,19,19g.51323676C>T,51323675,T,ADD,157,2.015,1.136,0.2559
474,7,7g.150700291G>A,150700290,A,ADD,157,1.641,1.135,0.2562
960,19,19g.10625067A>C,10625066,A,ADD,157,1.5519999999999998,1.1340000000000001,0.257
1266,19,19g.55281312T>A,55281311,A,ADD,157,0.5517,-1.133,0.2573
123,1,1g.230841687T>C,230841686,T,ADD,157,0.3973,-1.113,0.2658
1251,19,19g.55263968C>A,55263967,A,ADD,157,2.0709999999999997,1.105,0.2692
441,6,6g.161139480C>T,161139479,T,ADD,157,1.462,1.104,0.2696
444,6,6g.161139502G>A,161139501,A,ADD,157,1.462,1.104,0.2696
249,3,3g.148459395C>T,148459394,T,ADD,157,0.7134,-1.103,0.2699
1347,19,19g.55286665T>A,55286664,A,ADD,157,0.5802,-1.097,0.2728
735,12,12g.10587111A>G,10587110,A,ADD,157,1.729,1.09,0.2757
1893,20,20g.48301146G>A,48301145,A,ADD,157,0.7016,-1.088,0.2764
1767,19,19g.55362719G>T,55362718,G,ADD,157,1.369,1.083,0.2787
1764,19,19g.55361942G>T,55361941,G,ADD,157,1.369,1.083,0.2787
969,19,19g.45162189C>A,45162188,A,ADD,157,0.6484,-1.0759999999999998,0.2817
423,6,6g.41318438A>G,41318437,A,ADD,157,1.5419999999999998,1.0759999999999998,0.282
1857,19,19g.55377871T>C,55377870,C,ADD,157,1.659,1.075,0.2823
1314,19,19g.55284962C>G,55284961,G,ADD,157,1.952,1.064,0.2875
1152,19,19g.55255377C>T,55255376,T,ADD,157,0.6081,-1.062,0.2883
1641,19,19g.55341575G>C,55341574,C,ADD,157,1.392,1.06,0.289
1620,19,19g.55340822C>T,55340821,T,ADD,157,0.1707,-1.0590000000000002,0.2894
1023,19,19g.55144147C>T,55144146,T,ADD,157,2.7560000000000002,1.0590000000000002,0.2896
1866,19,19g.55377891G>A,55377890,A,ADD,157,1.645,1.0590000000000002,0.2896
1107,19,19g.55250036T>C,55250035,C,ADD,157,0.6762,-1.058,0.2903
1110,19,19g.55250061C>A,55250060,A,ADD,157,0.6764,-1.056,0.2908
1290,19,19g.55284824G>C,55284823,C,ADD,157,0.7016,-1.054,0.2917
1455,19,19g.55316471T>A,55316470,A,ADD,157,1.8519999999999999,1.054,0.2918
879,19,19g.67592T>C,67591,T,ADD,157,3.7030000000000003,1.051,0.2933
24,1,1g.11876662G>A,11876661,A,ADD,157,1.713,1.045,0.2958
1428,19,19g.55294931T>C,55294930,C,ADD,157,0.6541,-1.033,0.3017
1032,19,19g.55144208G>A,55144207,A,ADD,157,2.468,1.028,0.304
783,14,14g.96730142A>G,96730141,A,ADD,157,0.6425,-1.021,0.3071
1716,19,19g.55349273C>A,55349272,A,ADD,157,0.6844,-1.011,0.3118
81,1,1g.161518333A>T,161518332,T,ADD,157,1.8940000000000001,1.006,0.3146
1449,19,19g.55316465A>G,55316464,G,ADD,157,1.781,0.9992,0.3177
1452,19,19g.55316470T>C,55316469,C,ADD,157,1.781,0.9992,0.3177
798,17,17g.38711222T>C,38711221,C,ADD,157,0.2926,-0.9964,0.319
909,19,19g.88482A>T,88481,T,ADD,157,1.5830000000000002,0.995,0.3197
1785,19,19g.55365320G>T,55365319,T,ADD,157,0.665,-0.9881,0.3231
1554,19,19g.55329789C>G,55329788,G,ADD,157,1.7890000000000001,0.9788,0.3277
618,11,11g.57373548C>T,57373547,T,ADD,157,0.1233,-0.9776,0.3283
288,3,3g.186459775C>T,186459774,T,ADD,157,0.2869,-0.9707,0.3317
285,3,3g.186459646G>A,186459645,A,ADD,157,0.2869,-0.9707,0.3317
282,3,3g.186459475C>G,186459474,G,ADD,157,0.2869,-0.9707,0.3317
294,3,3g.186460110G>C,186460109,C,ADD,157,0.2869,-0.9707,0.3317
1719,19,19g.55349293G>T,55349292,T,ADD,157,2.8,0.9683,0.3329
966,19,19g.45162038A>G,45162037,A,ADD,157,2.0980000000000003,0.9654,0.3343
1491,19,19g.55317506C>G,55317505,G,ADD,157,1.827,0.9641,0.335
1482,19,19g.55317489C>A,55317488,A,ADD,157,1.827,0.9641,0.335
1488,19,19g.55317497C>A,55317496,A,ADD,157,1.808,0.9505,0.3418
861,18,18g.67540368T>G,67540367,G,ADD,157,1.601,0.9494,0.3424
1881,19,19g.55418175C>T,55418174,T,ADD,157,2.656,0.9420000000000001,0.3462
42,1,1g.11907603G>A,11907602,A,ADD,157,0.579,-0.9413,0.3465
1170,19,19g.55258792C>T,55258791,T,ADD,157,1.675,0.9392,0.3476
1386,19,19g.55286809G>A,55286808,A,ADD,157,1.732,0.9388,0.3478
1068,19,19g.55146139A>G,55146138,G,ADD,157,1.672,0.9341,0.3503
1647,19,19g.55341621G>C,55341620,C,ADD,157,0.5582,-0.9328,0.3509
543,9,9g.136131316C>T,136131315,T,ADD,157,2.722,0.9274,0.3537
597,9,9g.136137547C>A,136137546,A,ADD,157,2.722,0.9274,0.3537
1212,19,19g.55263802C>G,55263801,G,ADD,157,0.7315,-0.9251,0.3549
1071,19,19g.55146565G>A,55146564,A,ADD,157,1.643,0.9184,0.3584
1680,19,19g.55341729G>A,55341728,A,ADD,157,0.5092,-0.9171,0.3591
132,2,2g.136873084G>A,136873083,A,ADD,157,0.6049,-0.9141,0.3607
1344,19,19g.55286650T>C,55286649,T,ADD,157,1.38,0.9081,0.3638
1434,19,19g.55295215A>G,55295214,G,ADD,157,1.537,0.9029,0.3666
348,4,4g.187178473G>A,187178472,A,ADD,157,0.6145,-0.8986,0.3688
1074,19,19g.55147071A>G,55147070,G,ADD,157,1.5430000000000001,0.8985,0.3689
1227,19,19g.55263898G>A,55263897,A,ADD,157,0.7471,-0.897,0.3697
480,7,7g.150708089A>G,150708088,A,ADD,157,1.432,0.8962,0.3701
1050,19,19g.55145093G>C,55145092,C,ADD,157,0.3678,-0.8879,0.3746
456,6,6g.161160083G>A,161160082,G,ADD,157,0.7365,-0.887,0.3751
3,1,1g.11850750G>A,11850749,A,ADD,157,2.479,0.8809999999999999,0.3783
1860,19,19g.55377875C>G,55377874,G,ADD,157,1.52,0.8801,0.3788
1824,19,19g.55377302T>C,55377301,C,ADD,157,1.817,0.8758,0.3812
1827,19,19g.55377303C>T,55377302,T,ADD,157,1.817,0.8758,0.3812
1206,19,19g.55263727G>T,55263726,T,ADD,157,3.324,0.8740000000000001,0.3821
1254,19,19g.55263969T>A,55263968,A,ADD,157,1.8230000000000002,0.8740000000000001,0.3821
531,9,9g.136131057delG,136131056,G,ADD,89,0.7633,-0.8691,0.3848
1653,19,19g.55341633G>C,55341632,C,ADD,157,0.5986,-0.8673,0.3858
1563,19,19g.55329842G>T,55329841,T,ADD,157,0.2755,-0.8669,0.386
1878,19,19g.55418054A>C,55418053,C,ADD,157,0.596,-0.8589,0.3904
1248,19,19g.55263963G>A,55263962,A,ADD,157,1.7990000000000002,0.8578,0.391
801,17,17g.38715186T>C,38715185,C,ADD,157,2.8760000000000003,0.8558,0.3921
1335,19,19g.55285053T>G,55285052,G,ADD,157,1.936,0.8557,0.3922
1296,19,19g.55284882A>G,55284881,G,ADD,157,1.608,0.8555,0.3923
780,14,14g.96707457A>G,96707456,A,ADD,157,0.725,-0.8546,0.3928
1836,19,19g.55377325C>T,55377324,T,ADD,157,1.567,0.8545,0.3928
1410,19,19g.55286927G>C,55286926,C,ADD,157,1.588,0.8533,0.3935
1686,19,19g.55344215G>C,55344214,C,ADD,157,1.636,0.8516,0.3944
12,1,1g.11854476T>G,11854475,G,ADD,157,1.337,0.8494,0.3957
1839,19,19g.55377340T>C,55377339,C,ADD,157,1.528,0.8454,0.3979
471,7,7g.150696111T>G,150696110,T,ADD,157,1.328,0.8405,0.4006
1416,19,19g.55294454C>T,55294453,T,ADD,157,1.557,0.8369,0.4027
243,3,3g.114014427A>G,114014426,G,ADD,157,0.207,-0.8311,0.4059
1404,19,19g.55286854A>G,55286853,G,ADD,157,1.4269999999999998,0.8304,0.4063
864,19,19g.62421A>G,62420,G,ADD,157,0.5995,-0.8295,0.4068
234,3,3g.46414975G>T,46414974,T,ADD,157,0.34700000000000003,-0.8289,0.4072
774,13,13g.79766188A>G,79766187,G,ADD,157,1.3519999999999999,0.8222,0.41100000000000003
1137,19,19g.55253601G>A,55253600,A,ADD,157,0.69,-0.8164,0.4143
1131,19,19g.55253552T>A,55253551,A,ADD,157,0.69,-0.8164,0.4143
1377,19,19g.55286781G>A,55286780,A,ADD,157,1.636,0.8145,0.4154
1431,19,19g.55294969A>G,55294968,G,ADD,157,0.7189,-0.8112,0.4173
75,1,1g.161518314C>T,161518313,T,ADD,157,0.4857,-0.8108,0.4175
945,19,19g.118871A>T,118870,T,ADD,157,2.0540000000000003,0.8095,0.4182
69,1,1g.161518214T>C,161518213,C,ADD,157,1.452,0.8079,0.4191
1674,19,19g.55341709_55341712delCAAA,55341708,A,ADD,84,1.264,0.7966,0.4257
1008,19,19g.55143491G>T,55143490,T,ADD,157,0.7428,-0.7964,0.4258
330,4,4g.149357475C>T,149357474,C,ADD,157,1.514,0.7962,0.4259
327,4,4g.149356516A>G,149356515,A,ADD,157,1.514,0.7962,0.4259
1128,19,19g.55253544A>G,55253543,G,ADD,157,0.6968,-0.7944,0.42700000000000005
270,3,3g.186437944T>C,186437943,C,ADD,157,0.6098,-0.7923,0.4282
1683,19,19g.55344208A>T,55344207,T,ADD,157,1.5719999999999998,0.7895,0.4298
114,1,1g.204129671A>C,204129670,C,ADD,157,0.7474,-0.7889,0.4302
1635,19,19g.55340933G>C,55340932,C,ADD,157,1.261,0.7881,0.4306
927,19,19g.107456T>G,107455,G,ADD,157,0.6724,-0.7857,0.4321
1272,19,19g.55281352C>G,55281351,G,ADD,157,0.7236,-0.7846,0.4327
186,3,3g.45814094G>A,45814093,A,ADD,157,2.0069999999999997,0.78,0.4354
1293,19,19g.55284858G>A,55284857,G,ADD,157,1.3,0.7762,0.4376
1233,19,19g.55263923C>T,55263922,T,ADD,157,1.3359999999999999,0.7758,0.4379
387,6,6g.30458064G>A,30458063,G,ADD,157,0.7732,-0.7742,0.4388
813,17,17g.61559923C>T,61559922,T,ADD,157,0.7795,-0.7742,0.4388
1461,19,19g.55316488C>T,55316487,T,ADD,157,1.479,0.7622,0.446
885,19,19g.67623C>T,67622,T,ADD,157,0.6333,-0.7595,0.4476
21,1,1g.11863057G>A,11863056,A,ADD,157,1.4040000000000001,0.7583,0.4483
1650,19,19g.55341632C>T,55341631,T,ADD,157,0.6519,-0.74,0.4593
972,19,19g.51323232T>C,51323231,C,ADD,157,0.7712,-0.7397,0.4595
1485,19,19g.55317490A>G,55317489,G,ADD,157,1.608,0.7376,0.4608
1122,19,19g.55253465C>G,55253464,G,ADD,157,0.7159,-0.7342,0.4629
63,1,1g.160806019C>G,160806018,G,ADD,157,2.233,0.7323,0.46399999999999997
1515,19,19g.55320279G>A,55320278,G,ADD,157,1.36,0.7309,0.4648
18,1,1g.11856378G>A,11856377,A,ADD,157,1.2590000000000001,0.7294,0.4657
1374,19,19g.55286780C>T,55286779,T,ADD,157,1.568,0.7279,0.4667
999,19,19g.55143156T>C,55143155,C,ADD,157,0.7265,-0.7257,0.46799999999999997
1002,19,19g.55143157G>A,55143156,A,ADD,157,0.7265,-0.7257,0.46799999999999997
345,4,4g.187173012T>G,187173011,G,ADD,157,1.3880000000000001,0.7251,0.4684
1527,19,19g.55325455G>A,55325454,A,ADD,157,0.7628,-0.7235,0.4694
993,19,19g.55142739A>C,55142738,C,ADD,157,0.7807,-0.7212,0.4708
1164,19,19g.55255534C>T,55255533,T,ADD,157,1.4140000000000001,0.721,0.4709
828,17,17g.61565990G>C,61565989,C,ADD,157,0.7964,-0.7199,0.4716
831,17,17g.61565998A>C,61565997,C,ADD,157,0.7964,-0.7199,0.4716
1872,19,19g.55378008C>T,55378007,T,ADD,157,0.7785,-0.7185,0.4724
744,12,12g.10588581T>C,10588580,C,ADD,157,0.7246,-0.7178,0.4729
1389,19,19g.55286822C>T,55286821,T,ADD,157,1.386,0.7162,0.4739
834,17,17g.61566031G>A,61566030,A,ADD,157,1.254,0.7095,0.478
96,1,1g.169672596delA,169672595,G,ADD,107,0.7672,-0.7059,0.4802
489,8,8g.143994041C>T,143994040,T,ADD,157,1.81,0.6994,0.4843
1275,19,19g.55282351C>A,55282350,C,ADD,157,1.264,0.6964,0.4862
1398,19,19g.55286844G>A,55286843,A,ADD,157,2.119,0.6961,0.4864
576,9,9g.136132873T>C,136132872,C,ADD,157,0.7944,-0.6939,0.4878
795,16,16g.81816733C>T,81816732,T,ADD,157,0.7902,-0.6936,0.4879
246,3,3g.114018441T>C,114018440,C,ADD,157,2.025,0.6934,0.4881
1710,19,19g.55349031G>A,55349030,A,ADD,157,0.7583,-0.6920000000000001,0.4889
1902,21,21g.42845383A>G,42845382,A,ADD,157,0.7809,-0.6920000000000001,0.4889
1467,19,19g.55316541G>A,55316540,A,ADD,157,1.416,0.6893,0.4907
1098,19,19g.55148249G>A,55148248,A,ADD,157,0.6593,-0.6875,0.4918
141,2,2g.219000310C>T,219000309,T,ADD,157,0.7959,-0.6864,0.4925
1677,19,19g.55341713G>A,55341712,A,ADD,157,0.649,-0.6861,0.4927
180,3,3g.45804391C>T,45804390,T,ADD,157,0.7683,-0.6856,0.493
1545,19,19g.55329752T>C,55329751,C,ADD,157,1.892,0.6831,0.4945
1149,19,19g.55255357G>C,55255356,C,ADD,157,1.49,0.6785,0.4974
1707,19,19g.55346565G>T,55346564,T,ADD,157,1.3230000000000002,0.6729999999999999,0.5009
99,1,1g.169673838G>A,169673837,A,ADD,157,1.3230000000000002,0.6732,0.5009
267,3,3g.186435370G>A,186435369,A,ADD,157,0.7764,-0.672,0.5016
516,8,8g.143996539T>C,143996538,C,ADD,157,0.8075,-0.6631,0.5073
519,8,8g.143996553G>A,143996552,A,ADD,157,0.8075,-0.6631,0.5073
1323,19,19g.55284986C>G,55284985,G,ADD,157,1.507,0.6593,0.5097
1596,19,19g.55331372T>G,55331371,G,ADD,157,0.7581,-0.6585,0.5102
1593,19,19g.55331362C>T,55331361,T,ADD,157,0.7581,-0.6585,0.5102
321,4,4g.111482717T>A,111482716,A,ADD,157,0.4371,-0.6503,0.5155
504,8,8g.143994702G>T,143994701,G,ADD,157,1.247,0.6465,0.5179
1758,19,19g.55358658T>C,55358657,C,ADD,157,1.339,0.6454,0.5187
984,19,19g.51326950C>T,51326949,T,ADD,157,0.3827,-0.6443,0.5194
258,3,3g.154866453T>C,154866452,C,ADD,157,1.22,0.6417,0.521
408,6,6g.31557791G>A,31557790,A,ADD,157,1.9680000000000002,0.6411,0.5215
786,14,14g.96730718G>A,96730717,A,ADD,157,0.6677,-0.6384,0.5232
924,19,19g.104267G>A,104266,A,ADD,157,0.6345,-0.6327,0.5269
1179,19,19g.55258831G>A,55258830,A,ADD,157,0.7731,-0.6245,0.5323
1161,19,19g.55255493C>T,55255492,T,ADD,157,0.7534,-0.6222,0.5338
1305,19,19g.55284939A>G,55284938,G,ADD,157,1.3559999999999999,0.6223,0.5338
1221,19,19g.55263886G>C,55263885,C,ADD,157,1.253,0.6143,0.539
1440,19,19g.55316329A>G,55316328,G,ADD,157,0.8177,-0.6091,0.5424
1578,19,19g.55329934A>G,55329933,G,ADD,157,0.7793,-0.6064,0.5443
1884,19,19g.55420801C>A,55420800,A,ADD,157,1.249,0.6032,0.5464
726,12,12g.10573094C>G,10573093,G,ADD,157,0.7298,-0.6002,0.5484
1041,19,19g.55144710A>T,55144709,T,ADD,157,0.5037,-0.5987,0.5494
1044,19,19g.55144711G>C,55144710,C,ADD,157,0.5037,-0.5987,0.5494
1218,19,19g.55263864A>G,55263863,G,ADD,157,1.246,0.5984,0.5496
1200,19,19g.55263689A>G,55263688,G,ADD,157,1.5119999999999998,0.5983,0.5496
978,19,19g.51323501A>G,51323500,A,ADD,157,1.227,0.5967,0.5507
1701,19,19g.55346534G>C,55346533,C,ADD,157,0.6832,-0.5957,0.5514
1329,19,19g.55285027A>C,55285026,C,ADD,157,1.636,0.5954,0.5516
933,19,19g.118665A>G,118664,G,ADD,157,1.556,0.5949,0.5519
1215,19,19g.55263830A>T,55263829,T,ADD,157,1.2429999999999999,0.5928,0.5533
48,1,1g.11918254T>G,11918253,G,ADD,157,1.33,0.5923,0.5537
300,4,4g.55593464A>C,55593463,C,ADD,157,1.49,0.5912,0.5544
1773,19,19g.55363704G>A,55363703,A,ADD,157,0.7848,-0.588,0.5566
1299,19,19g.55284908T>C,55284907,C,ADD,157,1.334,0.5848,0.5587
1224,19,19g.55263897C>T,55263896,T,ADD,157,1.2329999999999999,0.5735,0.5663
1230,19,19g.55263898G>C,55263897,C,ADD,157,1.2329999999999999,0.5735,0.5663
1566,19,19g.55329854G>A,55329853,A,ADD,157,1.226,0.5701,0.5686
996,19,19g.55143083T>C,55143082,C,ADD,157,0.8249,-0.5670000000000001,0.5707
1695,19,19g.55344267G>A,55344266,A,ADD,157,0.6636,-0.5665,0.5711
411,6,6g.41303995A>G,41303994,G,ADD,157,1.34,0.5636,0.573
648,11,11g.113078035C>T,113078034,T,ADD,157,2.001,0.5604,0.5752
1011,19,19g.55143982T>C,55143981,C,ADD,157,1.4869999999999999,0.5603,0.5753
339,4,4g.187158034G>A,187158033,G,ADD,157,1.194,0.555,0.5789
615,11,11g.13102924G>A,13102923,G,ADD,157,1.187,0.5548,0.579
57,1,1g.160461060C>T,160461059,T,ADD,157,1.7309999999999999,0.5529,0.5803
60,1,1g.160461186C>T,160461185,T,ADD,157,1.7309999999999999,0.5529,0.5803
1365,19,19g.55286774G>C,55286773,C,ADD,157,0.7522,-0.5487,0.5832
579,9,9g.136132908_136132909insC,136132907,C,ADD,126,1.288,0.5485,0.5833
1371,19,19g.55286778A>G,55286777,G,ADD,157,1.63,0.5381,0.5905
276,3,3g.186443018T>C,186443017,T,ADD,157,1.185,0.5377,0.5908
486,8,8g.107236280G>T,107236279,G,ADD,157,1.186,0.5345,0.593
465,7,7g.150693575G>C,150693574,C,ADD,157,0.6621,-0.5344,0.5931
894,19,19g.73934T>G,73933,G,ADD,157,1.341,0.5324,0.5945
1644,19,19g.55341589C>T,55341588,T,ADD,157,0.7644,-0.5313,0.5952
363,5,5g.156531736C>A,156531735,C,ADD,157,1.246,0.5295,0.5964
600,10,10g.101802262G>A,101802261,A,ADD,157,1.4409999999999998,0.5228,0.6011
1533,19,19g.55328973T>G,55328972,G,ADD,157,1.48,0.5222,0.6015
900,19,19g.75639G>T,75638,T,ADD,157,1.318,0.5159,0.6059
672,11,11g.113113515G>A,113113514,G,ADD,157,0.8041,-0.5124,0.6084
171,3,3g.39307162G>A,39307161,A,ADD,157,0.8086,-0.5121,0.6086
1458,19,19g.55316479A>G,55316478,G,ADD,157,1.307,0.5113,0.6091
435,6,6g.161137663T>G,161137662,G,ADD,157,0.8461,-0.5089,0.6108
210,3,3g.45835415_45835416insA,45835414,G,ADD,89,0.8591,-0.5077,0.6117
447,6,6g.161139857A>G,161139856,G,ADD,157,0.8464,-0.5073,0.6119
450,6,6g.161143608T>C,161143607,C,ADD,157,0.8464,-0.5073,0.6119
804,17,17g.61554686G>A,61554685,A,ADD,157,2.1109999999999998,0.5067,0.6124
1443,19,19g.55316398G>A,55316397,A,ADD,157,2.0980000000000003,0.5067,0.6124
855,18,18g.67534632C>T,67534631,T,ADD,157,1.422,0.5054,0.6133
1542,19,19g.55329750A>G,55329749,G,ADD,157,1.7409999999999999,0.5042,0.6141
54,1,1g.78578177T>C,78578176,C,ADD,157,1.199,0.5027,0.6152
111,1,1g.204125464_204125465insCAGACAGACAGA,204125463,G,ADD,97,0.858,-0.5006,0.6167
1353,19,19g.55286767G>T,55286766,T,ADD,157,0.7768,-0.496,0.6199
459,6,6g.161162406T>C,161162405,C,ADD,157,0.7339,-0.4947,0.6208
975,19,19g.51323473C>G,51323472,C,ADD,157,1.1840000000000002,0.4913,0.6232
990,19,19g.51656454A>T,51656453,A,ADD,157,1.328,0.4891,0.6247
1203,19,19g.55263696A>G,55263695,G,ADD,157,1.368,0.4891,0.6248
825,17,17g.61564052A>G,61564051,G,ADD,157,0.8577,-0.4842,0.6283
1896,21,21g.42842591C>T,42842590,T,ADD,157,1.544,0.4774,0.6331
1602,19,19g.55333023C>T,55333022,T,ADD,157,0.8206,-0.4758,0.6342
1587,19,19g.55331287G>T,55331286,T,ADD,157,0.8206,-0.4758,0.6342
1437,19,19g.55315326A>C,55315325,C,ADD,157,0.8206,-0.4758,0.6342
1308,19,19g.55284943C>A,55284942,A,ADD,157,1.265,0.4722,0.6368
1608,19,19g.55333139G>C,55333138,C,ADD,157,0.8119,-0.4714,0.6373
333,4,4g.149358014G>C,149358013,C,ADD,157,0.8567,-0.4691,0.639
1761,19,19g.55358659G>A,55358658,A,ADD,157,1.358,0.4688,0.6392
792,16,16g.67469915G>A,67469914,A,ADD,157,1.456,0.4687,0.6393
1800,19,19g.55367093T>A,55367092,A,ADD,157,1.67,0.4669,0.6406
657,11,11g.113085244C>G,113085243,G,ADD,157,1.178,0.4648,0.6421
357,5,5g.156516004C>G,156516003,G,ADD,157,1.403,0.4617,0.6443
690,12,12g.9985915G>T,9985914,T,ADD,157,0.6625,-0.4543,0.6496
1737,19,19g.55350963_55350964insCCCGGAGCTCCTATGACATGTA,55350962,G,ADD,87,1.146,0.4532,0.6504
1104,19,19g.55148331C>T,55148330,T,ADD,157,1.247,0.444,0.657
108,1,1g.204125464_204125465insCAGACAGA,204125463,G,ADD,85,0.8769,-0.44,0.66
1260,19,19g.55263978G>A,55263977,A,ADD,157,1.436,0.4352,0.6634
1524,19,19g.55324674_55324675insA,55324673,A,ADD,137,1.217,0.4346,0.6639
1722,19,19g.55349299T>G,55349298,G,ADD,157,0.7785,-0.4328,0.6651
336,4,4g.185999543G>A,185999542,G,ADD,157,0.8676,-0.4298,0.6673
1584,19,19g.55330036G>A,55330035,A,ADD,157,0.8402,-0.4284,0.6683
1689,19,19g.55344239T>G,55344238,G,ADD,157,1.178,0.4285,0.6683
1158,19,19g.55255490A>C,55255489,C,ADD,157,0.8249,-0.4281,0.6686
609,10,10g.101829514C>T,101829513,T,ADD,157,1.3319999999999999,0.426,0.6701
399,6,6g.31556928C>A,31556927,A,ADD,157,1.334,0.4193,0.675
396,6,6g.31556922C>T,31556921,T,ADD,157,1.334,0.4193,0.675
594,9,9g.136136770A>C,136136769,A,ADD,157,1.176,0.4171,0.6766
591,9,9g.136135238T>C,136135237,T,ADD,157,1.176,0.4171,0.6766
1704,19,19g.55346543T>G,55346542,G,ADD,157,1.607,0.4155,0.6778
1797,19,19g.55367083A>G,55367082,G,ADD,157,1.557,0.4152,0.6779999999999999
1140,19,19g.55255237_55255238insT,55255236,C,ADD,80,1.177,0.4141,0.6788
1311,19,19g.55284944A>T,55284943,T,ADD,157,1.226,0.4106,0.6813
51,1,1g.11918258A>T,11918257,T,ADD,157,1.4469999999999998,0.4091,0.6825
126,1,1g.230845794A>G,230845793,G,ADD,157,0.879,-0.4082,0.6831
1875,19,19g.55378083T>C,55378082,C,ADD,157,0.737,-0.402,0.6877
1779,19,19g.55365240C>A,55365239,A,ADD,157,0.737,-0.402,0.6877
1473,19,19g.55317436G>A,55317435,A,ADD,157,1.4240000000000002,0.4014,0.6881
696,12,12g.10525740C>T,10525739,C,ADD,157,1.14,0.3983,0.6904
1350,19,19g.55286752G>C,55286751,C,ADD,157,1.382,0.3948,0.693
6,1,1g.11850927C>T,11850926,T,ADD,157,0.7106,-0.3947,0.6931
699,12,12g.10532326T>C,10532325,T,ADD,157,1.177,0.3912,0.6956
1413,19,19g.55290108A>G,55290107,G,ADD,157,1.2,0.3872,0.6986
1794,19,19g.55367080A>T,55367079,T,ADD,157,1.5019999999999998,0.3868,0.6989
1281,19,19g.55284772C>A,55284771,A,ADD,157,1.218,0.374,0.7084
1188,19,19g.55263657G>A,55263656,A,ADD,157,1.304,0.3719,0.71
1728,19,19g.55349328T>C,55349327,C,ADD,157,1.163,0.3712,0.7105
222,3,3g.45835828T>C,45835827,C,ADD,157,0.7987,-0.3689,0.7122
219,3,3g.45835570A>C,45835569,C,ADD,157,0.7987,-0.3689,0.7122
1842,19,19g.55377343C>T,55377342,T,ADD,157,1.219,0.3688,0.7123
9,1,1g.11854457G>A,11854456,G,ADD,157,1.567,0.3681,0.7128
177,3,3g.39323163A>C,39323162,C,ADD,157,0.8834,-0.3678,0.713
453,6,6g.161152240G>A,161152239,A,ADD,157,0.8859999999999999,-0.3672,0.7135
846,17,17g.72469958A>G,72469957,G,ADD,157,1.1179999999999999,0.3651,0.715
87,1,1g.161519476C>T,161519475,T,ADD,157,0.747,-0.3647,0.7154
216,3,3g.45835417G>A,45835416,A,ADD,157,1.264,0.3633,0.7164
888,19,19g.67669C>T,67668,T,ADD,157,0.826,-0.3544,0.723
816,17,17g.61562309C>T,61562308,T,ADD,157,0.8947,-0.3485,0.7275
1503,19,19g.55317530A>G,55317529,G,ADD,157,0.7252,-0.3474,0.7283
1497,19,19g.55317528G>A,55317527,A,ADD,157,0.7252,-0.3474,0.7283
1500,19,19g.55317529A>G,55317528,G,ADD,157,0.7252,-0.3474,0.7283
912,19,19g.88518T>C,88517,C,ADD,157,1.3880000000000001,0.3462,0.7292
228,3,3g.46414557T>A,46414556,A,ADD,157,0.6336,-0.3443,0.7306
1320,19,19g.55284986C>A,55284985,A,ADD,157,1.169,0.3441,0.7308
1362,19,19g.55286773A>G,55286772,G,ADD,157,0.8403,-0.3428,0.7317
1197,19,19g.55263674T>C,55263673,C,ADD,157,1.271,0.3395,0.7342
129,1,1g.230845977G>A,230845976,A,ADD,157,1.165,0.3386,0.7349
1182,19,19g.55263184C>T,55263183,T,ADD,157,0.7108,-0.336,0.7369
1464,19,19g.55316523A>G,55316522,G,ADD,157,1.182,0.3348,0.7378
843,17,17g.61574712G>A,61574711,A,ADD,157,0.7633,-0.3342,0.7382
1788,19,19g.55365343G>A,55365342,A,ADD,157,1.1840000000000002,0.3288,0.7423
903,19,19g.75658T>C,75657,C,ADD,157,1.186,0.3277,0.7432
957,19,19g.144931_144932insA,144930,G,ADD,82,0.9116,-0.3253,0.745
687,12,12g.9980243A>G,9980242,A,ADD,157,1.3719999999999999,0.3227,0.7469
366,5,5g.176830627G>A,176830626,G,ADD,157,0.8969,-0.3216,0.7477
1209,19,19g.55263734G>A,55263733,A,ADD,157,1.402,0.3148,0.7529
1278,19,19g.55284765C>T,55284764,T,ADD,157,1.178,0.3145,0.7531
150,2,2g.219029108C>G,219029107,G,ADD,157,1.163,0.3113,0.7556
1383,19,19g.55286796G>A,55286795,A,ADD,157,1.1540000000000001,0.3081,0.758
78,1,1g.161518333A>C,161518332,C,ADD,157,0.7753,-0.3074,0.7585
45,1,1g.11907648C>T,11907647,T,ADD,157,0.7644,-0.3066,0.7591
36,1,1g.11897082C>T,11897081,T,ADD,157,0.7644,-0.3066,0.7591
963,19,19g.45150614G>A,45150613,A,ADD,157,1.298,0.3066,0.7592
921,19,19g.104012A>G,104011,G,ADD,157,0.7248,-0.3048,0.7605
39,1,1g.11906068A>G,11906067,G,ADD,157,0.8729,-0.3032,0.7617
1143,19,19g.55255290C>T,55255289,T,ADD,157,0.7562,-0.3013,0.7632
1263,19,19g.55281291T>A,55281290,A,ADD,157,0.8197,-0.3002,0.764
906,19,19g.83957T>C,83956,C,ADD,157,0.7509,-0.2966,0.7668
642,11,11g.112832392delT,112832391,T,ADD,106,0.88,-0.2934,0.7692
195,3,3g.45834878G>A,45834877,A,ADD,157,0.8271,-0.2931,0.7695
207,3,3g.45835076G>A,45835075,A,ADD,157,0.8271,-0.2931,0.7695
213,3,3g.45835416C>A,45835415,A,ADD,157,0.8271,-0.2931,0.7695
138,2,2g.219000292C>T,219000291,T,ADD,157,1.214,0.2916,0.7706
225,3,3g.45837886G>C,45837885,C,ADD,157,0.88,-0.2885,0.7729
1086,19,19g.55148045G>A,55148044,A,ADD,157,0.7435,-0.2881,0.7732
747,12,12g.10599270G>A,10599269,A,ADD,157,1.148,0.287,0.7741
1302,19,19g.55284916G>C,55284915,C,ADD,157,1.435,0.287,0.7741
759,12,12g.69260779C>T,69260778,T,ADD,157,0.853,-0.2863,0.7746
1185,19,19g.55263194G>C,55263193,C,ADD,157,0.8837,-0.2855,0.7752
1662,19,19g.55341672T>C,55341671,C,ADD,157,0.8615,-0.2763,0.7824
1284,19,19g.55284787G>T,55284786,T,ADD,157,1.162,0.2761,0.7825
468,7,7g.150695726T>C,150695725,T,ADD,157,1.0979999999999999,0.2718,0.7858
1692,19,19g.55344246G>A,55344245,A,ADD,157,1.155,0.2698,0.7873
1791,19,19g.55367064_55367066delCTC,55367063,C,ADD,82,1.121,0.2659,0.7903
1194,19,19g.55263673G>T,55263672,T,ADD,157,1.3090000000000002,0.2597,0.7951
1509,19,19g.55317564A>G,55317563,G,ADD,157,1.291,0.2572,0.7971
1671,19,19g.55341703C>A,55341702,A,ADD,157,0.8704,-0.2563,0.7977
951,19,19g.123902C>A,123901,A,ADD,157,1.138,0.2555,0.7984
291,3,3g.186459927T>C,186459926,C,ADD,157,1.094,0.2516,0.8014
675,11,11g.113146033C>T,113146032,T,ADD,157,0.7175,-0.2515,0.8014
666,11,11g.113103996T>G,113103995,G,ADD,157,1.087,0.2492,0.8032
807,17,17g.61554706T>G,61554705,G,ADD,157,0.8057,-0.2473,0.8047
1083,19,19g.55148043T>C,55148042,C,ADD,157,0.7742,-0.2462,0.8055
1725,19,19g.55349320G>C,55349319,C,ADD,157,1.104,0.2432,0.8078
1269,19,19g.55281315G>T,55281314,T,ADD,157,0.9254,-0.2361,0.8134
1560,19,19g.55329831C>T,55329830,T,ADD,157,0.8409,-0.2334,0.8155
717,12,12g.10571658C>T,10571657,T,ADD,157,1.085,0.2308,0.8175
1173,19,19g.55258808C>T,55258807,T,ADD,157,0.9135,-0.23,0.8181
1257,19,19g.55263974_55263977delCAAA,55263973,T,ADD,83,0.9333,-0.2133,0.8311
1245,19,19g.55263946C>T,55263945,T,ADD,157,1.101,0.2101,0.8336
390,6,6g.30458933G>C,30458932,C,ADD,157,0.8328,-0.2072,0.8358
147,2,2g.219028932G>A,219028931,A,ADD,157,0.8324,-0.207,0.836
153,2,2g.219029843A>C,219029842,C,ADD,157,0.8324,-0.207,0.836
1401,19,19g.55286850T>C,55286849,C,ADD,157,1.175,0.2065,0.8364
756,12,12g.69252715A>G,69252714,G,ADD,157,1.079,0.2053,0.8373
840,17,17g.61574492G>A,61574491,A,ADD,157,0.9396,-0.2028,0.8393
1770,19,19g.55363504G>A,55363503,A,ADD,157,0.8540000000000001,-0.2012,0.8405
1731,19,19g.55349347A>T,55349346,T,ADD,157,0.8540000000000001,-0.2012,0.8405
1476,19,19g.55317439C>T,55317438,T,ADD,157,0.8540000000000001,-0.2012,0.8405
93,1,1g.169672595G>T,169672594,T,ADD,157,0.8513,-0.2012,0.8405
1848,19,19g.55377813C>T,55377812,T,ADD,157,1.1059999999999999,0.1948,0.8455
117,1,1g.204131186T>G,204131185,G,ADD,157,0.9146,-0.1925,0.8473
810,17,17g.61557200C>T,61557199,T,ADD,157,0.8805,-0.1913,0.8483
1356,19,19g.55286769C>A,55286768,A,ADD,157,0.9192,-0.1853,0.853
1005,19,19g.55143452T>C,55143451,C,ADD,157,0.9329999999999999,-0.1821,0.8555
1548,19,19g.55329774T>A,55329773,A,ADD,157,1.361,0.1784,0.8584
1743,19,19g.55351022A>C,55351021,C,ADD,157,1.12,0.1777,0.8590000000000001
1713,19,19g.55349264G>A,55349263,A,ADD,157,1.12,0.1777,0.8590000000000001
501,8,8g.143994321T>C,143994320,T,ADD,157,0.9414,-0.1767,0.8597
261,3,3g.154878159delA,154878158,A,ADD,119,1.064,0.1757,0.8605
948,19,19g.120675C>G,120674,G,ADD,157,0.9124,-0.1733,0.8624
1659,19,19g.55341661T>A,55341660,A,ADD,157,0.9168,-0.1708,0.8644
201,3,3g.45834988A>T,45834987,A,ADD,157,0.9379,-0.17,0.865
498,8,8g.143994279A>G,143994278,G,ADD,157,1.215,0.1698,0.8651
1191,19,19g.55263672T>A,55263671,A,ADD,157,1.167,0.1668,0.8675
1047,19,19g.55144720A>C,55144719,C,ADD,157,0.8679,-0.1596,0.8732
1668,19,19g.55341681C>T,55341680,T,ADD,157,1.083,0.1583,0.8742
1407,19,19g.55286864A>C,55286863,C,ADD,157,1.084,0.1565,0.8756
513,8,8g.143995761C>T,143995760,C,ADD,157,1.1159999999999999,0.1558,0.8762
420,6,6g.41318424T>A,41318423,A,ADD,157,1.131,0.1483,0.8821
1845,19,19g.55377348G>C,55377347,C,ADD,157,1.077,0.1425,0.8867
1242,19,19g.55263939G>A,55263938,A,ADD,157,0.9391,-0.1398,0.8888
30,1,1g.11884619G>A,11884618,A,ADD,157,0.8993,-0.136,0.8918
1752,19,19g.55358645C>T,55358644,T,ADD,157,0.9258,-0.1342,0.8932
1557,19,19g.55329822A>C,55329821,C,ADD,157,0.9426,-0.134,0.8934
1665,19,19g.55341674T>A,55341673,A,ADD,157,1.068,0.1314,0.8955
852,18,18g.67531642T>C,67531641,T,ADD,157,1.044,0.1284,0.8979
741,12,12g.10588530C>G,10588529,G,ADD,157,0.9361,-0.1275,0.8986
342,4,4g.187159405T>C,187159404,C,ADD,157,0.8729,-0.1239,0.9014
360,5,5g.156525921_156525922delAG,156525920,G,ADD,91,1.042,0.1236,0.9016
582,9,9g.136133506A>G,136133505,A,ADD,157,1.047,0.1165,0.9073
684,12,12g.6887020T>C,6887019,T,ADD,157,1.037,0.114,0.9092
432,6,6g.161132146C>T,161132145,T,ADD,157,0.9628,-0.1124,0.9105
738,12,12g.10588454A>G,10588453,G,ADD,157,1.069,0.1122,0.9107
654,11,11g.113078660G>A,113078659,A,ADD,157,0.8476,-0.1099,0.9125
1239,19,19g.55263937T>C,55263936,C,ADD,157,1.048,0.1068,0.915
1326,19,19g.55284987G>A,55284986,A,ADD,157,1.063,0.1065,0.9152
198,3,3g.45834981_45834982insT,45834980,C,ADD,82,1.035,0.09798,0.9219
645,11,11g.112832405T>A,112832404,A,ADD,157,1.064,0.09746,0.9224
714,12,12g.10571650G>C,10571649,C,ADD,157,0.956,-0.09704,0.9227
630,11,11g.82564294T>G,82564293,G,ADD,157,1.04,0.09621,0.9234
1236,19,19g.55263934T>C,55263933,C,ADD,157,1.042,0.09374,0.9253
765,12,12g.69265578A>G,69265577,A,ADD,157,0.9699,-0.09171,0.9269
552,9,9g.136131350G>T,136131349,T,ADD,157,0.9434,-0.09103,0.9275
942,19,19g.118839C>T,118838,T,ADD,157,1.056,0.08632999999999999,0.9312
426,6,6g.131148863A>T,131148862,T,ADD,157,0.971,-0.0854,0.9319
1338,19,19g.55285072A>G,55285071,G,ADD,157,1.082,0.07821,0.9377
1332,19,19g.55285045G>T,55285044,T,ADD,157,1.03,0.07754,0.9382
273,3,3g.186440243G>A,186440242,A,ADD,157,1.0270000000000001,0.07754,0.9382
1755,19,19g.55358655A>G,55358654,G,ADD,157,0.9661,-0.07704,0.9386
495,8,8g.143994266A>G,143994265,G,ADD,157,1.038,0.07666,0.9389
1734,19,19g.55350948A>T,55350947,T,ADD,157,1.047,0.07644,0.9391
90,1,1g.169672589G>T,169672588,T,ADD,157,1.034,0.07307999999999999,0.9417
405,6,6g.31557640C>T,31557639,T,ADD,157,1.063,0.06901,0.945
297,3,3g.186461524C>T,186461523,T,ADD,157,1.063,0.06862,0.9453
1113,19,19g.55250979C>A,55250978,A,ADD,157,1.032,0.06733,0.9463
174,3,3g.39307256C>T,39307255,T,ADD,157,1.02,0.060660000000000006,0.9516
1395,19,19g.55286836G>C,55286835,C,ADD,157,1.036,0.06059,0.9517
1287,19,19g.55284791A>G,55284790,G,ADD,157,1.033,0.0598,0.9523
315,4,4g.111398208A>G,111398207,A,ADD,157,1.025,0.05678,0.9547
1869,19,19g.55377988A>T,55377987,T,ADD,157,0.9641,-0.054110000000000005,0.9568
1380,19,19g.55286795T>C,55286794,C,ADD,157,1.022,0.05318,0.9576
318,4,4g.111409705T>C,111409704,T,ADD,157,0.9849,-0.04952,0.9605
1506,19,19g.55317541T>C,55317540,C,ADD,157,1.035,0.048510000000000005,0.9613
564,9,9g.136131472A>T,136131471,T,ADD,157,1.018,0.046110000000000005,0.9632
537,9,9g.136131289C>T,136131288,T,ADD,157,1.018,0.046110000000000005,0.9632
549,9,9g.136131347G>A,136131346,A,ADD,157,1.018,0.046110000000000005,0.9632
393,6,6g.30460232C>T,30460231,T,ADD,157,1.0490000000000002,0.0459,0.9634
525,9,9g.133263750T>C,133263749,C,ADD,157,1.022,0.04504,0.9641
231,3,3g.46414944_46414975delACAGTCAGTATCAATTCTGGAAGAATTTCCAG,46414943,G,ADD,94,0.9876,-0.03999,0.9681
624,11,11g.82535963C>T,82535962,T,ADD,157,1.024,0.03646,0.9709
1656,19,19g.55341658C>T,55341657,T,ADD,157,0.9840000000000001,-0.03215,0.9744
837,17,17g.61573761T>C,61573760,C,ADD,157,0.9911,-0.028860000000000004,0.977
1917,21,21g.42879909C>A,42879908,A,ADD,157,1.008,0.02685,0.9786
66,1,1g.161514542A>C,161514541,C,ADD,157,0.9919,-0.025330000000000002,0.9798
1341,19,19g.55285082T>C,55285081,C,ADD,157,0.9792,-0.023180000000000003,0.9815
510,8,8g.143995743C>T,143995742,T,ADD,157,0.9894,-0.01886,0.985
633,11,11g.112832340delC,112832339,G,ADD,157,3069.0,0.007840999999999999,0.9937
639,11,11g.112832358T>C,112832357,T,ADD,157,3069.0,0.007840999999999999,0.9937
636,11,11g.112832353T>C,112832352,T,ADD,157,3069.0,0.007840999999999999,0.9937
369,5,5g.176831178delC,176831177,C,ADD,146,0.9978,-0.004682,0.9963
678,11,11g.134252906_134252907insG,134252905,G,ADD,88,0.9992,-0.002719,0.9978
558,9,9g.136131437C>T,136131436,T,ADD,157,1.0,0.0006605000000000001,0.9995
588,9,9g.136135237A>G,136135236,A,ADD,157,1.0,0.0006605000000000001,0.9995
1605,19,19g.55333096T>C,55333095,C,ADD,157,1.0,0.00048360000000000005,0.9996
