SNP,0,1
10g.101802262G>A,6,4
10g.101814195C>A,0,1
10g.101816832C>G,1,0
10g.101823396C>T,5,0
10g.101824954G>A,7,2
10g.101829514C>T,7,5
10g.101835764C>G,1,0
10g.101841153A>G,108,49
11g.112832340delC,108,50
11g.112832353T>C,108,50
11g.112832358T>C,108,50
11g.112832391_112832392insT,3,3
11g.112832392delT,36,19
11g.112832405T>A,18,8
11g.113078035C>T,5,1
11g.113078047C>T,3,2
11g.113078586G>A,6,0
11g.113078660G>A,5,1
11g.113085244C>G,58,25
11g.113101937G>A,1,0
11g.113101958G>A,4,0
11g.113102355C>A,2,1
11g.113102356A>C,6,8
11g.113102523G>T,1,0
11g.113103996T>G,86,37
11g.113105825G>A,1,1
11g.113106995G>A,2,0
11g.113111501T>C,68,35
11g.113113515G>A,102,50
11g.113130908G>T,0,1
11g.113130951G>T,2,1
11g.113140941C>T,0,1
11g.113141134C>T,2,0
11g.113142572C>T,2,1
11g.113146033C>T,4,1
11g.113146042C>T,1,0
11g.13102924G>A,92,38
11g.134252906_134252907insG,10,4
11g.134253607G>A,2,0
11g.134253804C>T,1,0
11g.134253984A>G,2,0
11g.134254042G>A,1,0
11g.33738935C>T,0,1
11g.33743974C>T,2,0
11g.57365748C>T,3,0
11g.57367768C>T,1,0
11g.57373548C>T,4,1
11g.57373646C>T,2,0
11g.57381989G>A,40,13
11g.57382061C>G,0,1
11g.82535963C>T,16,6
11g.82536108G>C,1,0
11g.82550339T>C,1,0
11g.82550387A>G,9,6
11g.82560255C>T,1,0
11g.82561037T>C,0,1
11g.82564294T>G,39,22
11g.82564307T>G,0,1
11g.82571138T>C,2,0
12g.10525740C>T,97,45
12g.10530851_10530852insTAAAC,0,2
12g.10532326T>C,106,48
12g.10541360delA,0,1
12g.10541428C>T,1,0
12g.10568250T>A,0,2
12g.10568251T>A,0,2
12g.10568253A>T,0,2
12g.10568402G>A,0,1
12g.10569251T>G,0,1
12g.10569265C>A,2,1
12g.10570965C>G,108,51
12g.10571042A>G,108,51
12g.10571091T>G,108,51
12g.10571106G>C,108,51
12g.10571650G>C,3,4
12g.10571658C>T,9,10
12g.10572544T>C,18,19
12g.10572982A>G,108,51
12g.10573094C>G,90,40
12g.10573095A>G,108,49
12g.10573136C>A,0,1
12g.10573145C>T,77,19
12g.10583766A>T,0,1
12g.10586493C>T,0,1
12g.10586510C>A,1,0
12g.10587111A>G,108,51
12g.10588439G>A,1,0
12g.10588444G>C,1,0
12g.10588454A>G,10,4
12g.10588484G>A,0,1
12g.10588530C>G,78,37
12g.10588566G>A,1,0
12g.10588572C>A,0,1
12g.10588581T>C,61,23
12g.10599270G>A,36,14
12g.10600141A>G,1,0
12g.10602509A>T,1,0
12g.10603670T>C,108,51
12g.108685857T>C,0,1
12g.108685873C>A,0,1
12g.108686008C>G,74,34
12g.108686158G>C,0,1
12g.108686316G>A,3,0
12g.108686331G>T,1,0
12g.108686549A>G,1,0
12g.108686555A>C,2,0
12g.108687349C>T,3,0
12g.68195095C>G,85,35
12g.6882039G>C,1,0
12g.6882083C>T,2,0
12g.6882875T>A,1,1
12g.6882889A>C,2,0
12g.6882895T>A,3,4
12g.6882908T>G,0,1
12g.6882910A>C,2,0
12g.6882914G>C,1,2
12g.6882971T>C,1,0
12g.6882993A>T,1,0
12g.6883016C>A,1,0
12g.6883028G>A,1,0
12g.6883029C>A,1,0
12g.6883153T>G,2,0
12g.6883173T>G,2,2
12g.6883899C>T,2,0
12g.6883951G>A,1,0
12g.6884726G>A,1,0
12g.6887020T>C,83,45
12g.6887520_6887521insGAGCCC,1,0
12g.69252715A>G,50,21
12g.69260779C>T,20,11
12g.69263217A>G,0,1
12g.69263979A>G,6,4
12g.69264171T>C,1,0
12g.69265578A>G,91,44
12g.69265598C>T,0,1
12g.69279568G>A,0,1
12g.69326547C>T,9,6
12g.9980243A>G,107,51
12g.9984965G>A,1,0
12g.9985915G>T,11,2
12g.9986050T>C,0,1
12g.9994446_9994448delTGT,108,51
13g.79766188A>G,45,25
14g.96703484C>T,21,11
14g.96706906G>A,0,1
14g.96707048C>T,1,0
14g.96707457A>G,101,49
14g.96707497C>T,0,1
14g.96707726G>A,0,1
14g.96730142A>G,104,50
14g.96730262C>G,1,0
14g.96730475G>A,1,0
14g.96730590C>G,2,0
14g.96730712G>A,1,0
14g.96730718G>A,17,6
14g.96730740G>A,3,2
14g.96730893C>T,1,0
14g.96730905T>C,1,0
16g.67465166T>A,0,1
16g.67465246G>A,1,1
16g.67469733C>A,8,7
16g.67469915G>A,7,4
16g.67469969G>A,2,2
16g.67470052_67470053insC,1,0
16g.67470770G>A,0,1
16g.81816733C>T,79,35
17g.38711222T>C,4,1
17g.38711355T>C,1,0
17g.38715186T>C,4,4
17g.61554493_61554494insGCC,0,1
17g.61554494G>C,1,0
17g.61554500G>C,0,1
17g.61554517T>G,1,0
17g.61554520T>G,2,0
17g.61554556T>G,1,0
17g.61554559A>C,2,0
17g.61554681A>C,0,1
17g.61554686G>A,4,1
17g.61554696A>C,2,1
17g.61554703A>T,1,0
17g.61554706T>G,9,3
17g.61554714C>G,1,0
17g.61554721G>C,1,0
17g.61554724C>G,0,2
17g.61556453T>C,1,0
17g.61557200C>T,13,6
17g.61557286C>T,2,2
17g.61557773A>G,2,1
17g.61557823G>T,1,1
17g.61558951C>T,0,1
17g.61558956G>T,2,2
17g.61559019G>C,0,1
17g.61559041G>A,2,1
17g.61559819C>T,0,1
17g.61559923C>T,75,32
17g.61559937G>A,1,0
17g.61560049G>C,0,1
17g.61562309C>T,76,35
17g.61562322T>C,0,2
17g.61562373A>G,0,2
17g.61562440A>T,1,4
17g.61562445A>T,2,8
17g.61562654C>G,0,1
17g.61564052A>G,76,34
17g.61564428G>A,1,0
17g.61565990G>C,76,34
17g.61565998A>C,76,34
17g.61566031G>A,76,38
17g.61566095A>G,0,2
17g.61566444C>T,0,1
17g.61568308C>T,1,0
17g.61568575G>A,1,0
17g.61568577C>T,2,0
17g.61571016C>T,1,2
17g.61573761T>C,75,38
17g.61574311T>C,1,0
17g.61574351C>T,0,2
17g.61574492G>A,74,37
17g.61574533G>A,0,1
17g.61574607C>T,1,2
17g.61574642G>A,1,2
17g.61574662C>A,1,1
17g.61574712G>A,9,3
17g.72469958A>G,72,34
17g.72469966G>A,41,25
17g.72470704C>T,1,0
17g.72477983G>A,1,0
18g.67531573G>A,0,1
18g.67531642T>C,85,39
18g.67534632C>T,11,7
18g.67534642C>T,19,3
18g.67540368T>G,18,14
19g.102127A>G,2,0
19g.102370T>C,1,0
19g.102405T>C,1,1
19g.104012A>G,4,3
19g.104204C>T,1,0
19g.104267G>A,13,5
19g.10624510G>C,0,1
19g.10624713G>T,3,0
19g.10624735A>T,2,1
19g.10624765A>T,0,1
19g.10624838C>T,0,1
19g.10624863C>T,0,1
19g.10625067A>C,100,50
19g.10625121G>A,0,1
19g.10625265C>T,1,0
19g.107456T>G,31,14
19g.107467delC,1,0
19g.111787A>G,0,1
19g.118625T>C,20,16
19g.118665A>G,13,7
19g.118726G>A,1,8
19g.118735C>T,1,7
19g.118796A>G,3,1
19g.118797T>A,2,1
19g.118801C>A,1,0
19g.118808C>A,1,0
19g.118839C>T,13,7
19g.118871A>T,7,4
19g.120491C>T,1,0
19g.120492G>A,0,3
19g.120520G>T,3,0
19g.120532G>T,1,0
19g.120565A>G,0,1
19g.120625G>C,0,3
19g.120675C>G,26,10
19g.120719C>T,3,2
19g.123902C>A,24,15
19g.123918T>C,0,1
19g.128219_128225delATATTAT,0,1
19g.128283A>T,2,0
19g.128734C>T,5,7
19g.128790G>C,0,1
19g.128903T>C,1,0
19g.131475C>T,1,0
19g.132307G>A,0,1
19g.135047A>C,0,1
19g.135050T>G,0,3
19g.136752A>G,2,0
19g.136753G>T,2,1
19g.136759T>C,1,0
19g.136818C>T,2,0
19g.136835T>C,2,1
19g.144931_144932insA,4,0
19g.144973T>A,1,1
19g.144988A>C,3,2
19g.145124T>C,1,0
19g.45147396C>T,1,1
19g.45150614G>A,7,4
19g.45150763G>A,0,1
19g.45153095A>G,0,1
19g.45153113G>C,2,0
19g.45153370C>T,0,1
19g.45161070G>A,0,1
19g.45161139C>T,0,2
19g.45162038A>G,108,51
19g.45162189C>A,35,10
19g.45164576G>A,1,0
19g.51322448G>A,2,0
19g.51322510G>A,1,0
19g.51323232T>C,60,19
19g.51323296G>A,1,0
19g.51323473C>G,99,45
19g.51323501A>G,99,45
19g.51323676C>T,13,5
19g.51324969C>T,1,0
19g.51325065G>A,1,0
19g.51326950C>T,5,1
19g.51647770A>G,1,0
19g.51647798C>G,47,12
19g.51650050T>G,0,1
19g.51656454A>T,107,50
19g.55142536C>G,1,1
19g.55142739A>C,58,28
19g.55143078A>T,0,1
19g.55143083T>C,58,26
19g.55143156T>C,37,17
19g.55143157G>A,37,17
19g.55143186C>T,1,0
19g.55143187G>C,1,0
19g.55143199C>T,1,1
19g.55143201C>G,1,1
19g.55143208A>C,1,1
19g.55143209G>C,1,1
19g.55143447T>C,0,1
19g.55143450A>G,0,1
19g.55143452T>C,54,25
19g.55143491G>T,63,25
19g.55143515A>C,2,0
19g.55143901C>G,1,0
19g.55143982T>C,15,3
19g.55144041G>A,1,0
19g.55144100A>G,12,0
19g.55144126C>T,7,1
19g.55144138C>G,1,0
19g.55144141A>G,8,7
19g.55144147C>T,4,4
19g.55144179C>T,7,1
19g.55144186C>T,101,49
19g.55144188_55144189insCC,1,0
19g.55144207C>G,1,1
19g.55144208G>A,7,4
19g.55144556G>A,3,3
19g.55144623C>T,12,0
19g.55144684G>A,12,0
19g.55144710A>T,12,1
19g.55144711G>C,12,1
19g.55144720A>C,13,2
19g.55144733A>T,2,0
19g.55145093G>C,15,1
19g.55145445A>C,0,1
19g.55145451A>C,2,2
19g.55145454G>A,24,10
19g.55145476A>T,1,0
19g.55145480A>C,0,1
19g.55145481C>G,26,10
19g.55145482G>A,2,0
19g.55145485C>G,1,0
19g.55145486T>G,1,1
19g.55145490A>T,1,1
19g.55145492T>G,3,1
19g.55146076C>T,17,6
19g.55146077A>G,17,6
19g.55146083G>A,3,0
19g.55146106C>G,10,6
19g.55146139A>G,25,10
19g.55146169T>A,1,0
19g.55146565G>A,18,12
19g.55147015C>T,1,0
19g.55147036G>A,0,1
19g.55147042G>T,1,0
19g.55147071A>G,30,13
19g.55147074C>T,19,13
19g.55147987G>A,1,0
19g.55147987G>C,3,0
19g.55147988A>C,3,0
19g.55148004A>T,0,1
19g.55148031T>C,19,1
19g.55148043T>C,6,2
19g.55148045G>A,6,2
19g.55148076G>A,11,6
19g.55148103delG,1,1
19g.55148105T>A,1,1
19g.55148176G>A,12,0
19g.55148242C>T,30,7
19g.55148249G>A,19,7
19g.55148295T>A,1,0
19g.55148299C>A,12,0
19g.55148331C>T,30,13
19g.55250036T>C,61,23
19g.55250058G>A,0,1
19g.55250061C>A,61,23
19g.55250061C>T,0,1
19g.55250939A>G,1,2
19g.55250953G>C,3,1
19g.55250954G>C,0,1
19g.55250962T>G,0,1
19g.55250976T>G,1,1
19g.55250979C>A,46,20
19g.55250991G>A,1,0
19g.55253422C>T,27,6
19g.55253450T>G,10,2
19g.55253465C>G,50,20
19g.55253469G>T,1,0
19g.55253521C>G,61,22
19g.55253540G>C,0,1
19g.55253544A>G,51,20
19g.55253552T>A,52,20
19g.55253567A>G,10,2
19g.55253601G>A,52,20
19g.55253616C>T,0,1
19g.55253629C>G,0,1
19g.55255237_55255238insT,4,3
19g.55255290C>T,11,3
19g.55255326C>T,6,3
19g.55255357G>C,18,11
19g.55255377C>T,48,17
19g.55255435G>A,0,1
19g.55255448C>A,1,2
19g.55255454A>G,10,2
19g.55255457C>G,0,1
19g.55255490A>C,52,22
19g.55255493C>T,50,20
19g.55255534C>T,32,18
19g.55258778G>A,86,38
19g.55258778G>C,0,1
19g.55258792C>T,19,13
19g.55258808C>T,52,29
19g.55258830C>T,43,14
19g.55258831G>A,45,16
19g.55263120T>C,0,1
19g.55263126G>C,1,0
19g.55263143T>C,1,2
19g.55263144C>T,1,2
19g.55263158_55263160delTCC,0,1
19g.55263160C>A,1,2
19g.55263166C>T,2,2
19g.55263184C>T,6,2
19g.55263189G>C,3,2
19g.55263194G>C,16,6
19g.55263204A>G,3,2
19g.55263657G>A,6,3
19g.55263672T>A,6,3
19g.55263673G>T,6,3
19g.55263674T>C,7,3
19g.55263689A>G,11,6
19g.55263696A>C,2,2
19g.55263696A>G,13,7
19g.55263700A>G,3,3
19g.55263706_55263707delAC,1,0
19g.55263717G>C,3,0
19g.55263727G>T,4,3
19g.55263734G>A,6,3
19g.55263802C>G,57,31
19g.55263830A>T,49,25
19g.55263854T>C,0,1
19g.55263855G>A,0,1
19g.55263864A>G,50,25
19g.55263886G>C,50,26
19g.55263897C>T,45,25
19g.55263898G>A,57,31
19g.55263898G>C,45,25
19g.55263906C>T,1,0
19g.55263923C>T,36,19
19g.55263934T>C,24,7
19g.55263937T>C,22,7
19g.55263939G>A,22,6
19g.55263946C>T,19,7
19g.55263963G>A,5,3
19g.55263968C>A,5,4
19g.55263969T>A,4,3
19g.55263974_55263977delCAAA,4,2
19g.55263978G>A,4,2
19g.55281291T>A,6,1
19g.55281312T>A,21,5
19g.55281315G>T,52,29
19g.55281318G>A,3,0
19g.55281324A>G,2,0
19g.55281332T>C,0,1
19g.55281352C>G,47,19
19g.55282351C>A,90,43
19g.55284765C>T,25,13
19g.55284772C>A,24,13
19g.55284781C>T,0,1
19g.55284787G>T,23,11
19g.55284791A>G,24,10
19g.55284795delA,1,0
19g.55284824G>C,55,30
19g.55284858G>A,91,44
19g.55284868G>T,1,0
19g.55284882A>G,21,13
19g.55284908T>C,29,16
19g.55284916G>C,4,2
19g.55284939A>G,34,15
19g.55284943C>A,32,14
19g.55284944A>T,33,14
19g.55284962C>G,15,9
19g.55284976A>G,39,21
19g.55284986C>A,39,17
19g.55284986C>G,16,8
19g.55284987G>A,22,9
19g.55285018G>A,0,1
19g.55285027A>C,10,6
19g.55285045G>T,43,19
19g.55285047G>T,2,2
19g.55285053T>G,11,6
19g.55285072A>G,5,4
19g.55285082T>C,10,3
19g.55285101T>A,3,2
19g.55286598C>A,1,0
19g.55286603T>C,3,0
19g.55286650T>C,97,44
19g.55286665T>A,31,12
19g.55286667G>A,3,0
19g.55286678T>C,1,0
19g.55286717G>A,0,1
19g.55286735A>G,0,1
19g.55286739G>A,0,1
19g.55286740A>G,0,1
19g.55286752G>C,10,6
19g.55286767G>T,27,13
19g.55286769C>A,47,21
19g.55286770C>G,7,0
19g.55286773A>G,27,12
19g.55286774G>C,26,12
19g.55286775G>A,6,0
19g.55286778A>G,7,4
19g.55286780C>T,19,10
19g.55286781G>A,17,10
19g.55286795T>C,58,26
19g.55286796G>A,41,20
19g.55286809G>A,17,10
19g.55286822C>A,3,0
19g.55286822C>T,46,23
19g.55286828G>A,4,0
19g.55286836G>C,19,9
19g.55286844G>A,5,3
19g.55286850T>C,10,5
19g.55286854A>G,54,26
19g.55286861T>A,0,1
19g.55286864A>C,28,14
19g.55286867C>T,0,1
19g.55286927G>C,22,14
19g.55290107C>T,2,0
19g.55290108A>G,40,18
19g.55290128C>A,1,0
19g.55294362A>C,0,1
19g.55294454C>T,26,15
19g.55294455G>A,0,1
19g.55294484T>C,108,51
19g.55294486C>T,9,1
19g.55294491C>G,0,1
19g.55294927A>G,93,41
19g.55294931T>C,52,19
19g.55294945G>T,0,1
19g.55294969A>G,52,20
19g.55294986G>T,0,1
19g.55294996T>C,0,2
19g.55295009G>A,0,1
19g.55295168G>A,0,1
19g.55295215A>G,34,19
19g.55295228A>G,0,1
19g.55315326A>C,46,16
19g.55316266_55316267insG,0,1
19g.55316270delC,0,1
19g.55316299A>G,1,1
19g.55316309C>T,0,1
19g.55316320G>T,1,1
19g.55316326A>G,1,1
19g.55316329A>C,0,1
19g.55316329A>G,58,24
19g.55316335G>T,0,1
19g.55316344A>C,0,2
19g.55316353C>G,0,1
19g.55316354G>T,0,1
19g.55316363G>A,0,1
19g.55316364A>G,0,1
19g.55316375C>G,2,2
19g.55316398G>A,4,1
19g.55316411C>G,1,1
19g.55316414T>C,1,1
19g.55316415T>A,1,1
19g.55316423T>G,2,1
19g.55316424A>G,2,1
19g.55316438A>T,10,8
19g.55316465A>G,18,12
19g.55316470T>C,18,12
19g.55316471T>A,17,12
19g.55316477G>A,0,1
19g.55316479A>G,24,14
19g.55316488C>T,27,14
19g.55316498G>A,2,3
19g.55316523A>G,30,15
19g.55316541G>A,27,16
19g.55316545C>A,26,18
19g.55317396_55317398delCTC,1,1
19g.55317412A>T,0,1
19g.55317415A>G,0,1
19g.55317425G>A,0,1
19g.55317428T>C,1,1
19g.55317429A>T,1,1
19g.55317436G>A,8,5
19g.55317439C>T,9,4
19g.55317456G>A,62,28
19g.55317489C>A,15,10
19g.55317490A>G,15,9
19g.55317497C>A,16,10
19g.55317506C>G,15,10
19g.55317524G>A,31,21
19g.55317528G>A,8,4
19g.55317529A>G,8,4
19g.55317530A>G,8,4
19g.55317541T>C,15,6
19g.55317564A>G,10,4
19g.55317567A>G,3,2
19g.55317584C>T,2,1
19g.55317590C>T,2,1
19g.55317625G>C,0,1
19g.55317639T>C,0,1
19g.55317646G>A,0,1
19g.55317647A>C,0,1
19g.55317650T>A,0,1
19g.55317656C>T,1,2
19g.55317665A>G,0,1
19g.55317669C>G,48,21
19g.55317685C>T,1,3
19g.55317695C>G,3,0
19g.55317712A>C,1,3
19g.55317716T>C,1,3
19g.55320278C>T,0,1
19g.55320279G>A,104,48
19g.55320293C>T,0,1
19g.55320298T>A,0,1
19g.55320330T>C,0,3
19g.55320341A>G,0,3
19g.55320345delG,0,2
19g.55320348G>A,0,2
19g.55320351C>T,0,2
19g.55324566C>T,85,35
19g.55324635T>C,85,35
19g.55324674_55324675insA,85,35
19g.55325127T>G,2,2
19g.55325128G>A,2,2
19g.55325133C>T,1,2
19g.55325134G>A,0,2
19g.55325159A>G,0,1
19g.55325455G>A,34,16
19g.55325531C>T,1,0
19g.55325571G>A,0,1
19g.55327960C>T,85,35
19g.55328973T>G,9,5
19g.55328993G>C,54,25
19g.55329021A>G,53,25
19g.55329750A>G,7,4
19g.55329752T>C,8,5
19g.55329774T>A,4,1
19g.55329783A>G,85,37
19g.55329789C>G,16,12
19g.55329814G>C,2,0
19g.55329822A>C,46,17
19g.55329831C>T,10,6
19g.55329842G>T,4,1
19g.55329851A>G,2,1
19g.55329854G>A,40,22
19g.55329892A>G,31,21
19g.55329896T>C,1,0
19g.55329901A>G,85,36
19g.55329922A>T,54,25
19g.55329934A>G,46,16
19g.55330019C>T,31,21
19g.55330036G>A,46,17
19g.55331287G>T,46,16
19g.55331298delG,0,2
19g.55331299G>A,0,2
19g.55331308C>A,9,1
19g.55331362C>T,46,15
19g.55331372T>G,46,15
19g.55331419C>T,56,31
19g.55333023C>T,46,16
19g.55333096T>C,35,18
19g.55333139G>C,24,11
19g.55333246C>T,56,30
19g.55333275G>T,56,30
19g.55336474A>G,4,4
19g.55340819A>T,3,1
19g.55340822C>G,3,1
19g.55340822C>T,5,1
19g.55340835C>T,31,21
19g.55340836A>G,39,23
19g.55340841G>C,31,21
19g.55340858T>C,2,0
19g.55340859C>T,2,0
19g.55340875C>A,1,0
19g.55340881C>T,1,0
19g.55340899C>T,1,0
19g.55340900T>G,1,0
19g.55340904G>C,1,0
19g.55340906G>A,31,21
19g.55340919A>G,1,0
19g.55340933G>C,64,32
19g.55341363T>A,3,0
19g.55341371C>T,3,0
19g.55341372G>A,5,0
19g.55341376C>T,3,0
19g.55341387T>A,3,0
19g.55341388G>T,3,0
19g.55341390T>G,1,0
19g.55341404A>G,3,0
19g.55341406C>T,2,0
19g.55341411A>C,2,0
19g.55341411A>G,2,0
19g.55341415A>G,2,0
19g.55341556C>T,1,2
19g.55341565A>T,1,0
19g.55341575G>C,42,24
19g.55341589C>T,14,5
19g.55341621G>C,10,3
19g.55341632C>T,12,5
19g.55341633G>C,13,4
19g.55341641C>T,1,0
19g.55341658C>T,11,9
19g.55341661T>A,12,8
19g.55341672T>C,11,7
19g.55341674T>A,12,9
19g.55341681C>T,11,9
19g.55341698A>G,0,1
19g.55341703C>A,10,7
19g.55341709_55341712delCAAA,9,3
19g.55341713G>A,9,3
19g.55341729G>A,8,2
19g.55344208A>T,20,11
19g.55344215G>C,20,12
19g.55344225G>A,0,1
19g.55344235A>G,2,0
19g.55344239T>G,56,26
19g.55344246G>A,26,13
19g.55344267G>A,19,4
19g.55346520A>G,4,0
19g.55346534G>C,14,4
19g.55346543T>G,5,2
19g.55346565G>T,32,17
19g.55349031G>A,26,9
19g.55349113G>A,1,0
19g.55349154A>C,2,0
19g.55349162A>C,2,0
19g.55349172A>G,2,0
19g.55349189C>A,1,0
19g.55349190A>T,1,0
19g.55349200T>C,1,0
19g.55349208C>G,1,0
19g.55349248A>G,1,0
19g.55349264G>A,9,4
19g.55349273C>A,31,10
19g.55349293G>T,6,3
19g.55349299T>G,17,5
19g.55349320G>C,41,19
19g.55349328T>C,40,19
19g.55349347A>T,9,4
19g.55350931A>T,1,0
19g.55350948A>T,9,4
19g.55350963_55350964insCCCGGAGCTCCTATGACATGTA,11,5
19g.55350978A>G,1,0
19g.55350979A>G,40,23
19g.55350983G>A,1,0
19g.55350984A>G,1,0
19g.55350984_55350985insG,1,0
19g.55350996G>C,2,0
19g.55351014G>C,2,0
19g.55351019A>G,2,0
19g.55351022A>C,9,4
19g.55351022A>G,1,0
19g.55351024C>T,2,0
19g.55351039C>T,2,0
19g.55351053G>A,1,0
19g.55351080G>C,1,0
19g.55354314A>G,2,0
19g.55354328C>T,2,0
19g.55354367A>G,4,0
19g.55354384G>A,10,1
19g.55358645C>T,23,9
19g.55358655A>G,59,26
19g.55358658T>C,54,25
19g.55358659G>A,17,8
19g.55358664G>A,1,0
19g.55361942G>T,85,39
19g.55361957G>A,0,1
19g.55362719G>T,85,39
19g.55363482C>T,2,0
19g.55363504G>A,9,4
19g.55363599G>A,0,2
19g.55363628G>A,1,0
19g.55363704G>A,46,17
19g.55363719C>G,33,26
19g.55365240C>A,10,4
19g.55365284A>G,1,0
19g.55365302C>T,24,4
19g.55365320G>T,32,16
19g.55365343G>A,19,11
19g.55365414G>T,0,1
19g.55365464G>T,1,1
19g.55365482C>T,2,3
19g.55367064_55367066delCTC,11,6
19g.55367080A>T,8,4
19g.55367083A>G,7,4
19g.55367093T>A,6,4
19g.55367122A>G,1,1
19g.55367123G>C,0,1
19g.55367124G>A,0,1
19g.55367157T>C,1,0
19g.55367174C>G,2,0
19g.55367287C>T,0,1
19g.55367311G>A,24,4
19g.55367314C>A,5,0
19g.55377249T>C,7,13
19g.55377255T>C,9,12
19g.55377265T>C,11,14
19g.55377279T>C,9,11
19g.55377280G>A,10,12
19g.55377302T>C,13,9
19g.55377303C>T,13,9
19g.55377307T>A,13,11
19g.55377319C>A,27,16
19g.55377325C>T,27,14
19g.55377340T>C,30,16
19g.55377343C>T,25,13
19g.55377348G>C,27,13
19g.55377813C>T,26,13
19g.55377814G>A,18,12
19g.55377853G>C,35,21
19g.55377871T>C,36,20
19g.55377875C>G,36,19
19g.55377884C>T,35,20
19g.55377891G>A,36,20
19g.55377988A>T,16,8
19g.55378008C>T,55,20
19g.55378009G>A,2,0
19g.55378077C>T,1,0
19g.55378083T>C,10,4
19g.55378166G>A,1,1
19g.55417987G>A,2,0
19g.55418054A>C,15,9
19g.55418085T>C,1,0
19g.55418175C>T,4,5
19g.55420644C>G,1,0
19g.55420801C>A,44,24
19g.55420847C>T,1,0
19g.55423530C>T,25,18
19g.55424255_55424256insA,2,0
19g.62421A>G,97,44
19g.62470_62471insG,69,29
19g.66827T>G,12,5
19g.66836T>C,13,5
19g.67484C>T,4,0
19g.67542G>C,3,1
19g.67583G>A,2,0
19g.67592T>C,106,50
19g.67621C>T,12,6
19g.67623C>T,22,10
19g.67669C>T,26,12
19g.70102T>C,11,10
19g.70119G>A,0,1
19g.71178G>C,1,1
19g.73786C>T,1,0
19g.73917G>A,1,0
19g.73934T>G,23,10
19g.73950C>T,9,0
19g.75596A>G,1,0
19g.75623C>T,1,1
19g.75639G>T,24,12
19g.75658T>C,32,11
19g.83938T>C,1,0
19g.83957T>C,7,3
19g.88421A>G,3,1
19g.88482A>T,34,20
19g.88484A>T,3,0
19g.88511A>C,1,0
19g.88518T>C,6,2
19g.88541T>C,0,5
19g.88583T>G,2,0
19g.89533C>A,1,0
19g.89563T>C,0,1
19g.94807T>C,6,1
19g.95318delA,1,0
19g.95500A>T,1,0
19g.95611A>G,0,1
1g.11796294T>G,1,0
1g.11806234C>G,0,1
1g.11807615G>C,6,2
1g.11807615G>T,0,1
1g.11808664A>G,0,1
1g.11810264C>T,1,0
1g.11850749C>T,1,0
1g.11850750G>A,5,2
1g.11850927C>T,12,2
1g.11850947G>A,1,0
1g.11851246T>C,1,0
1g.11851246T>G,0,1
1g.11851247G>C,1,1
1g.11854018C>T,0,1
1g.11854085T>A,0,1
1g.11854086C>G,0,1
1g.11854429G>A,1,0
1g.11854457G>A,108,51
1g.11854476T>G,56,27
1g.11854896G>A,21,11
1g.11856311G>A,0,1
1g.11856378G>A,59,33
1g.11861232A>G,1,0
1g.11863057G>A,21,10
1g.11867180T>G,1,1
1g.11875979C>A,3,0
1g.11876662G>A,11,8
1g.11876692G>A,1,1
1g.11884555A>G,108,51
1g.11884586G>A,1,0
1g.11884619G>A,13,4
1g.11884628G>A,1,0
1g.11887294A>T,0,1
1g.11888554A>G,1,0
1g.11888655C>T,0,1
1g.11888700delC,0,1
1g.11894592G>A,0,1
1g.11896016T>A,0,1
1g.11896141A>G,1,4
1g.11897082C>T,11,2
1g.11897220G>A,1,0
1g.11898724G>A,1,0
1g.11906068A>G,31,9
1g.11907449G>A,2,0
1g.11907488C>T,1,0
1g.11907603G>A,19,5
1g.11907648C>T,11,2
1g.11918254T>G,27,18
1g.11918258A>T,8,4
1g.11918261G>T,0,1
1g.11918382T>A,0,1
1g.11918422G>A,1,0
1g.11918519C>T,1,0
1g.11918817C>A,1,0
1g.11918837A>G,0,1
1g.160458875C>T,1,0
1g.160458941T>C,0,1
1g.160459988C>T,1,0
1g.160461060C>T,7,3
1g.160461075G>T,1,0
1g.160461186C>T,7,3
1g.160466111G>A,1,0
1g.160803848G>A,0,1
1g.160806019C>G,4,2
1g.160808796G>A,1,0
1g.160808810T>C,1,1
1g.160811001C>A,0,1
1g.160811258G>A,1,0
1g.160811374C>G,1,0
1g.160811488T>C,3,0
1g.160811497T>C,1,0
1g.160832484G>A,0,1
1g.161512856T>C,0,1
1g.161512873T>A,0,1
1g.161514542A>C,64,35
1g.161514759C>A,0,1
1g.161514759_161514760insAG,2,0
1g.161518214T>C,56,34
1g.161518286C>T,7,4
1g.161518314C>T,11,2
1g.161518333A>C,6,7
1g.161518333A>T,14,8
1g.161518336C>T,51,26
1g.161518836_161518837insG,1,0
1g.161519476C>T,9,5
1g.161519610G>A,1,0
1g.169660939T>C,1,3
1g.169672508G>A,0,1
1g.169672589G>T,44,24
1g.169672595G>A,2,3
1g.169672595G>T,11,4
1g.169672596_169672597delAA,1,1
1g.169672596delA,50,12
1g.169673836A>G,1,0
1g.169673838G>A,32,17
1g.169676486A>G,53,20
1g.169677709A>G,44,23
1g.169677883G>C,0,1
1g.169677923G>C,0,1
1g.169679563_169679567delATATC,1,0
1g.169679596C>A,0,1
1g.204125464_204125465insCAGACAGA,10,4
1g.204125464_204125465insCAGACAGACAGA,18,6
1g.204129671A>C,36,11
1g.204129815G>A,1,0
1g.204130517G>A,1,0
1g.204130553T>A,1,0
1g.204131134C>T,1,0
1g.204131186T>G,27,11
1g.204135320T>A,0,1
1g.204135413T>A,1,0
1g.230839020G>A,0,1
1g.230840096T>C,18,4
1g.230841687T>C,107,51
1g.230841891G>A,1,2
1g.230845754G>A,1,0
1g.230845794A>G,83,35
1g.230845977G>A,34,13
1g.230846305C>T,1,0
1g.78578177T>C,59,32
20g.14167283A>G,96,38
20g.48301146G>A,80,38
21g.42838094delA,0,2
21g.42839661C>T,2,1
21g.42842591C>T,6,2
21g.42842673G>A,2,0
21g.42845374G>A,47,17
21g.42845383A>G,82,46
21g.42845443G>C,1,0
21g.42848561_42848562delAG,108,51
21g.42851134G>A,2,0
21g.42852435G>A,2,0
21g.42852497C>T,47,18
21g.42860307C>T,92,48
21g.42866296T>C,19,11
21g.42866297G>A,1,1
21g.42866332G>A,2,2
21g.42866365G>A,1,0
21g.42870031T>C,0,1
21g.42879896A>C,1,0
21g.42879898A>C,0,3
21g.42879909C>A,49,26
21g.42879910C>G,0,2
21g.42879914G>A,0,1
21g.42879923A>T,1,0
21g.42879931T>G,1,0
21g.42879932C>G,1,0
21g.42879935C>G,1,0
21g.42879943A>C,1,1
21g.42879951A>T,1,0
2g.136872715G>A,0,1
2g.136873084G>A,13,8
2g.136873327T>C,1,0
2g.136873345A>T,1,0
2g.147596973A>G,55,36
2g.218999614C>T,1,0
2g.218999762C>T,1,0
2g.219000187C>T,0,1
2g.219000230C>T,1,0
2g.219000292C>T,10,6
2g.219000310C>T,81,33
2g.219000386C>T,1,0
2g.219000460C>T,6,0
2g.219000565C>T,2,1
2g.219028910G>A,1,2
2g.219028932G>A,7,3
2g.219029010C>T,0,1
2g.219029108C>G,18,5
2g.219029453C>T,1,0
2g.219029727C>T,1,0
2g.219029843A>C,7,3
2g.219029932C>T,2,0
2g.242793273A>G,96,41
2g.242793362C>T,1,0
2g.242793433G>A,4,2
2g.242794444G>T,0,1
2g.242794467A>T,1,0
2g.242794473T>G,6,6
2g.242795066T>C,0,1
2g.242795103T>G,23,20
2g.242795126G>A,2,0
2g.242800900G>A,4,2
3g.111261173T>C,0,1
3g.111264008C>A,2,0
3g.111286375G>C,2,1
3g.111297931A>G,1,0
3g.111304210G>A,0,1
3g.111342667A>T,0,2
3g.111343208C>T,1,0
3g.111356083G>C,108,51
3g.111356092A>G,2,2
3g.111368577C>T,0,1
3g.114014427A>G,4,1
3g.114014600C>T,3,0
3g.114018441T>C,5,2
3g.148459043A>C,1,0
3g.148459120C>T,0,1
3g.148459130T>C,1,0
3g.148459395C>T,79,35
3g.148459552G>T,3,1
3g.148459715A>G,0,1
3g.148459884A>G,13,13
3g.148459906G>A,1,0
3g.154801978A>G,1,7
3g.154802129C>T,1,0
3g.154802131C>T,2,0
3g.154832768T>G,1,2
3g.154836554G>C,1,1
3g.154860022A>G,1,0
3g.154866453T>C,57,30
3g.154878159delA,52,27
3g.154886278T>C,13,9
3g.154890381G>A,3,1
3g.186435370G>A,59,24
3g.186437944T>C,21,7
3g.186440243G>A,66,29
3g.186443018T>C,87,38
3g.186443067C>G,1,0
3g.186445048G>A,0,1
3g.186445052T>G,25,10
3g.186459384C>A,1,3
3g.186459475C>G,7,1
3g.186459496A>C,1,0
3g.186459595T>A,0,1
3g.186459646G>A,7,1
3g.186459775C>T,7,1
3g.186459927T>C,81,35
3g.186460110G>C,7,1
3g.186461524C>T,7,3
3g.39306947A>G,1,1
3g.39307162G>A,33,9
3g.39307236C>T,1,0
3g.39307256C>T,45,17
3g.39307832T>C,3,0
3g.39307927T>C,0,1
3g.39307962C>A,3,1
3g.39323163A>C,77,32
3g.39323166C>T,1,0
3g.39323177G>C,1,1
3g.45800505G>A,1,0
3g.45801386G>A,1,0
3g.45801393T>C,2,2
3g.45801523A>T,1,0
3g.45804391C>T,48,25
3g.45804452G>C,1,0
3g.45811707T>A,1,0
3g.45811713C>T,1,0
3g.45811740C>T,1,0
3g.45812786G>A,0,2
3g.45812858G>A,0,2
3g.45813993G>A,10,2
3g.45814094G>A,9,3
3g.45817328C>T,2,2
3g.45817414T>C,0,1
3g.45817418A>G,108,51
3g.45821573G>C,2,1
3g.45834213A>C,1,0
3g.45834811G>T,26,23
3g.45834878G>A,8,7
3g.45834973T>C,1,0
3g.45834981_45834982insT,4,4
3g.45834988A>T,93,50
3g.45834988delA,1,0
3g.45834994C>A,8,2
3g.45835076G>A,8,7
3g.45835415_45835416insA,8,7
3g.45835416C>A,8,7
3g.45835417G>A,13,5
3g.45835516G>A,0,1
3g.45835570A>C,10,8
3g.45835828T>C,10,8
3g.45835830C>G,1,0
3g.45835968G>A,2,1
3g.45837886G>C,39,16
3g.45942686C>T,0,1
3g.45942802A>G,0,1
3g.45942971G>A,1,0
3g.45943006A>G,1,0
3g.45943130A>G,1,0
3g.45987980G>A,0,2
3g.45988318G>A,1,0
3g.45988359T>C,1,0
3g.45988525C>T,1,0
3g.45988801C>T,1,0
3g.46414384G>C,3,0
3g.46414451T>A,0,1
3g.46414557T>A,4,1
3g.46414573G>T,1,0
3g.46414618T>C,0,1
3g.46414944_46414975delACAGTCAGTATCAATTCTGGAAGAATTTCCAG,26,4
3g.46414975G>T,4,1
3g.46415061G>A,1,0
3g.46415286delC,0,1
3g.60898434T>C,63,25
4g.111397585G>A,7,0
4g.111397589G>T,0,1
4g.111397664A>G,0,1
4g.111397678C>T,0,1
4g.111397735A>G,1,0
4g.111398047G>T,1,0
4g.111398208A>G,106,49
4g.111409705T>C,84,42
4g.111409713G>A,1,0
4g.111412186T>C,1,0
4g.111412290T>C,1,0
4g.111430970A>G,0,1
4g.111431444G>A,1,1
4g.111434572G>A,2,0
4g.111441426A>T,1,0
4g.111463967A>G,1,0
4g.111463999G>A,0,1
4g.111474630G>A,0,1
4g.111482699A>G,1,0
4g.111482717T>A,7,1
4g.149002667G>C,2,2
4g.149035282C>T,1,0
4g.149075755C>T,0,1
4g.149075889C>T,1,2
4g.149075928A>G,3,1
4g.149116017A>G,0,1
4g.149181258C>T,0,1
4g.149356300A>G,5,2
4g.149356308T>C,0,1
4g.149356324G>A,1,0
4g.149356516A>G,107,51
4g.149357475C>T,107,51
4g.149358014G>C,83,36
4g.185999543G>A,94,44
4g.187158034G>A,81,39
4g.187159405T>C,4,2
4g.187172362A>T,0,1
4g.187172422A>G,0,1
4g.187172703T>G,1,1
4g.187173012T>G,22,10
4g.187173157C>T,1,0
4g.187175753A>C,0,2
4g.187177160A>G,1,0
4g.187178472C>T,1,0
4g.187178473G>A,25,9
4g.187179210T>C,99,44
4g.187179259C>G,1,0
4g.55524168T>A,1,0
4g.55524252G>A,0,2
4g.55561861C>T,1,0
4g.55561862G>T,0,2
4g.55575673A>G,0,1
4g.55592059A>G,1,0
4g.55593431G>A,0,1
4g.55593464A>C,18,5
4g.55593481A>G,6,0
4g.55598062T>C,1,0
4g.55598152C>T,1,0
4g.55599268C>T,7,2
4g.55602765G>C,22,8
4g.55602912G>A,1,0
4g.55603325G>C,1,0
4g.55603455A>G,1,0
5g.156514125A>G,2,0
5g.156514189G>A,1,0
5g.156514243C>T,1,0
5g.156516004C>G,3,4
5g.156525921_156525922delAG,23,7
5g.156531694G>C,0,1
5g.156531736C>A,103,50
5g.156533730G>A,3,0
5g.156533741T>C,0,1
5g.156535948_156535950delAGC,0,1
5g.176830321T>G,1,3
5g.176830478G>C,2,0
5g.176830597C>G,0,1
5g.176830612T>G,2,3
5g.176830620T>G,1,0
5g.176830627G>A,92,43
5g.176830627G>C,1,0
5g.176830841T>G,2,1
5g.176831111G>T,0,1
5g.176831178delC,93,44
5g.176831185C>G,0,1
5g.176831206T>G,1,0
5g.176831544G>A,1,1
5g.176831589G>A,7,1
5g.176831826C>G,108,51
5g.176831915G>A,1,0
5g.176832166G>C,1,0
5g.176832198G>A,1,0
5g.176836532A>G,99,48
5g.57617403G>C,84,47
6g.131148863A>T,54,31
6g.160328620C>T,43,22
6g.160328814A>G,1,0
6g.161123396_161123397insT,1,0
6g.161127501A>G,2,0
6g.161127557C>T,1,0
6g.161127558G>A,1,0
6g.161128812G>A,2,2
6g.161132146C>T,66,32
6g.161135933T>C,1,0
6g.161137663T>G,58,26
6g.161137779T>C,62,37
6g.161137790G>A,0,1
6g.161139480C>T,59,34
6g.161139502G>A,59,34
6g.161139857A>G,58,26
6g.161143608T>C,58,26
6g.161152107G>A,1,0
6g.161152206T>A,3,1
6g.161152240G>A,58,27
6g.161152819C>T,3,2
6g.161152905C>T,3,0
6g.161155039C>G,1,0
6g.161159659C>A,1,0
6g.161160083G>A,97,46
6g.161160094T>C,1,1
6g.161160184G>T,1,0
6g.161162406T>C,17,8
6g.161162410C>A,0,1
6g.161173280T>C,0,2
6g.161173946T>G,82,42
6g.161174100G>A,1,0
6g.30457732T>C,95,49
6g.30457774T>G,0,1
6g.30458003A>C,6,0
6g.30458064G>A,87,42
6g.30458907C>T,0,2
6g.30458933G>C,4,3
6g.30459165C>T,3,2
6g.30459296G>A,0,1
6g.30460232C>T,6,2
6g.31556922C>T,9,6
6g.31556928C>A,9,6
6g.31556941T>C,2,0
6g.31556992G>C,1,0
6g.31557161G>C,0,1
6g.31557381G>A,4,0
6g.31557640C>T,6,4
6g.31557786G>A,0,1
6g.31557791G>A,5,3
6g.31557836C>T,1,3
6g.31557915A>G,0,1
6g.31557916G>C,1,0
6g.41303831A>G,0,1
6g.41303995A>G,16,10
6g.41309520C>T,1,0
6g.41309552T>C,91,41
6g.41309553C>T,1,0
6g.41309618G>A,5,0
6g.41309831G>A,1,0
6g.41310705C>T,1,1
6g.41310775T>C,1,0
6g.41318424T>A,9,6
6g.41318438A>G,104,50
6g.41318578T>C,0,1
6g.41318587T>C,0,1
7g.150690909C>T,1,0
7g.150690966G>T,0,1
7g.150691017A>C,0,1
7g.150693556G>A,0,1
7g.150693575G>C,10,4
7g.150693581T>G,2,0
7g.150695629C>T,1,0
7g.150695726T>C,99,46
7g.150696023A>C,1,0
7g.150696066C>T,1,1
7g.150696076G>A,1,0
7g.150696078C>T,0,1
7g.150696111T>G,100,45
7g.150696416G>A,1,0
7g.150698349G>A,3,0
7g.150699017G>C,1,0
7g.150700291G>A,29,18
7g.150700483C>G,0,1
7g.150704250C>G,57,29
7g.150706321C>T,1,0
7g.150706478A>C,1,0
7g.150706621G>A,1,0
7g.150706663G>A,0,1
7g.150707312G>A,0,1
7g.150707344G>T,1,0
7g.150708089A>G,105,50
7g.150709571G>T,65,35
7g.150710800G>A,0,1
7g.150710880G>C,2,0
7g.150710907T>C,2,2
7g.150711143C>A,0,1
7g.150711263G>A,1,0
7g.97363618T>C,0,1
8g.107236280G>T,91,42
8g.143993928G>C,2,0
8g.143994041C>T,8,4
8g.143994043G>T,1,0
8g.143994108G>A,1,0
8g.143994253C>T,3,4
8g.143994266A>G,21,8
8g.143994279A>G,4,2
8g.143994321T>C,93,45
8g.143994702G>T,94,44
8g.143994806A>G,3,6
8g.143994807T>C,0,1
8g.143995743C>T,16,6
8g.143995761C>T,107,51
8g.143995792T>C,0,1
8g.143996122G>A,1,0
8g.143996454G>T,0,1
8g.143996539T>C,79,38
8g.143996553G>A,79,38
8g.143996616A>T,0,1
9g.133263750T>C,25,14
9g.133263923T>C,107,51
9g.136131043T>A,1,0
9g.136131057delG,10,13
9g.136131188C>T,21,4
9g.136131289C>T,44,21
9g.136131315C>G,21,4
9g.136131316C>T,6,4
9g.136131322G>T,21,4
9g.136131347G>A,44,21
9g.136131350G>T,12,5
9g.136131415C>T,21,4
9g.136131429C>T,3,0
9g.136131437C>T,44,21
9g.136131461G>A,21,4
9g.136131469G>A,2,0
9g.136131472A>T,44,21
9g.136131499G>C,1,0
9g.136131523G>A,5,0
9g.136131539A>G,0,1
9g.136131576C>T,2,2
9g.136131592G>C,26,8
9g.136131651G>A,11,15
9g.136131740G>A,0,1
9g.136132852G>A,1,2
9g.136132873T>C,59,28
9g.136132908_136132909insC,63,34
9g.136133506A>G,101,49
9g.136133531A>G,73,30
9g.136133540C>T,1,0
9g.136135237A>G,104,49
9g.136135238T>C,104,48
9g.136136770A>C,104,48
9g.136136773C>T,3,1
9g.136137547C>A,6,4
9g.136150600G>A,1,0
9g.90062823A>G,93,47
Xg.115303595G>T,1,0
Xg.115303857T>C,0,1
Xg.115304083G>A,1,0
Xg.153200788G>A,1,0
Xg.153200861C>T,1,0
Xg.153205701G>C,2,0
Xg.153207025T>C,1,1
Xg.153207037G>T,3,4
Xg.153207056C>G,0,1
Xg.153207057T>G,0,1
Xg.153208477A>C,0,1
Xg.153208488T>C,1,1
Xg.153209427G>A,0,1
Xg.15580101G>A,2,0
Xg.15582209C>T,3,3
Xg.15582298T>C,3,1
Xg.15596230C>T,1,0
Xg.15607586_15607587insT,5,3
Xg.15607587delT,1,0
Xg.15610348C>T,38,16
Xg.15613008T>G,1,0
Xg.15618933G>A,1,0
Xg.15618958T>C,1,1
Xg.28807442G>A,62,31
Xg.28807522T>C,1,0
Xg.29973268T>A,0,1
Xg.40440349T>G,0,1
Xg.40440356T>G,1,0
Xg.40440372G>A,1,0
Xg.40448233T>C,0,1
Xg.40450585C>G,7,8
Xg.40450602G>A,0,1
Xg.40460040T>C,4,4
Xg.40460147G>T,0,1
Xg.40464822G>C,1,0
Xg.70837046C>T,1,0
Xg.70837390G>A,2,0
Xg.70837465G>A,1,0
Yg.15591537G>C,6,5
Yg.15591554C>A,0,2
Yg.15591566T>C,0,2
