SNP,P,Gene
17g.61562445A>T,0.002825,ACE ACE
6g.41309552T>C,0.004229999999999999,NCR2
19g.51647798C>G,0.005661,SIGLEC7
19g.55377265T>C,0.0063030000000000004,KIR3DL1 KIR3DL2
2g.147596973A>G,0.0070810000000000005,AC103881.1
8g.143994806A>G,0.007659999999999999,CYP11B2 GML
1g.11918258A>T,0.01004,NPPB-001
19g.55147074C>T,0.01296,LILRB1
9g.133263923T>C,0.0144,HMCN2-006
19g.55148076G>A,0.014980000000000002,LILRB1 AC009892.10
1g.161518336C>T,0.01768,FCGR3A RP11-25K21.6
19g.55294486C>T,0.02102,KIR2DL1 KIR2DL3 KIR2DL4 KIR3DL1 CTB-61M7.1
12g.10573145C>T,0.02146,KLRC3 NKG2-E
19g.55377255T>C,0.02459,KIR3DL1 KIR3DL2
16g.67469733C>A,0.026930000000000003,HSD11B2-001
12g.69326547C>T,0.03163,CPM
12g.10572544T>C,0.03275,KLRC3 NKG2-E
9g.136131651G>A,0.03424,ABO
12g.108686008C>G,0.034260000000000006,CMKLR1
9g.136137547C>A,0.03617,ABO
9g.136131316C>T,0.03617,ABO
19g.55377249T>C,0.03637,KIR3DL1 KIR3DL2
1g.161518286C>T,0.03719,FCGR3A RP11-25K21.6
21g.42866296T>C,0.03915,TMPRSS2
12g.10587111A>G,0.04104,NKG2-E KLRC2
12g.69263979A>G,0.041960000000000004,CPM
4g.187173012T>G,0.04219,KLKB1
11g.82550387A>G,0.043089999999999996,PRCP
9g.136133531A>G,0.04389,ABO
3g.45813993G>A,0.04578,SLC6A20
1g.161518333A>C,0.04651,FCGR3A RP11-25K21.6
8g.143994041C>T,0.047310000000000005,CYP11B2 GML
19g.51323473C>G,0.04741,KLK1
12g.68195095C>G,0.04782,
19g.55145454G>A,0.047869999999999996,LILRB1
12g.10571658C>T,0.049030000000000004,KLRC3 NKG2-E
18g.67534642C>T,0.04922,CD226
6g.160328620C>T,0.04943,MAS1-001
3g.60898434T>C,0.050289999999999994,FHIT
2g.242794473T>G,0.050480000000000004,PDCD1-001
19g.55365302C>T,0.05382000000000001,KIR3DL2 KIR3DL1
19g.55367311G>A,0.05382000000000001,KIR3DL2 KIR3DL1
21g.42848561_42848562delAG,0.05803,TMPRSS2
19g.55284976A>G,0.06188,KIR2DL1 KIR2DL3 KIR2DL4 KIR3DL1 CTB-61M7.1
3g.154886278T>C,0.06245,MME MME-AS1
19g.55148242C>T,0.0626,LILRB1 AC009892.10
11g.13102924G>A,0.06329,CTC-497E21.5
19g.55144556G>A,0.06509,LILRB1
20g.14167283A>G,0.06781000000000001,MACROD2
19g.51323501A>G,0.06825,KLK1
19g.55286822C>T,0.0698,KIR2DL1 KIR2DL3 KIR2DL4 KIR3DL1 CTB-61M7.1
19g.55365320G>T,0.073,KIR3DL2 KIR3DL1
3g.148459884A>G,0.07477,AGTR1
19g.73934T>G,0.07506,MIR1302-2 FAM138F WASH5P
19g.94807T>C,0.07568,OR4G3P
19g.55336474A>G,0.07798,KIR3DL1
19g.55286796G>A,0.07824,KIR2DL1 KIR2DL3 KIR2DL4 KIR3DL1 CTB-61M7.1
3g.39307162G>A,0.08073,CX3CR1
19g.55145481C>G,0.08173,LILRB1
19g.55146106C>G,0.08201,LILRB1
3g.39307256C>T,0.08232,CX3CR1
5g.176831589G>A,0.08262,F12 GRK6
19g.55253567A>G,0.08619,KIR2DL3 KIR2DL4 KIR3DL1 CTB-61M7.1
19g.55253450T>G,0.08619,KIR2DL3 KIR2DL4 KIR3DL1 CTB-61M7.1
19g.55255454A>G,0.08619,KIR2DL3 KIR2DL4 KIR3DL1 CTB-61M7.1
1g.230840096T>C,0.0875,AGT-001
19g.55316545C>A,0.09031,KIR2DL4 KIR3DL1
13g.79766188A>G,0.09114,
19g.55145093G>C,0.09406,LILRB1
8g.143994253C>T,0.09877999999999999,CYP11B2 GML
21g.42845374G>A,0.1029,TMPRSS2
1g.161518314C>T,0.109,FCGR3A RP11-25K21.6
19g.51323232T>C,0.1102,KLK1
19g.55377853G>C,0.1104,KIR3DL1 KIR3DL2
2g.242795103T>G,0.1123,PDCD1-001
19g.55284986C>G,0.1135,KIR2DL1 KIR2DL3 KIR2DL4 KIR3DL1 CTB-61M7.1
19g.55377279T>C,0.1181,KIR3DL1 KIR3DL2
19g.55317669C>G,0.1184,KIR2DL4 KIR3DL1
6g.161160083G>A,0.1185,PLG
19g.55148043T>C,0.1198,LILRB1 AC009892.10
11g.113103996T>G,0.1214,NCAM1
8g.107236280G>T,0.1234,
2g.242793433G>A,0.1287,PDCD1-001
2g.242800900G>A,0.1287,PDCD1-001
4g.149356300A>G,0.1304,NR3C2
19g.66827T>G,0.1346,WASH5P
19g.66836T>C,0.1362,WASH5P
1g.160461186C>T,0.1377,SLAMF6
1g.160461060C>T,0.1377,SLAMF6
19g.55148045G>A,0.1391,LILRB1 AC009892.10
4g.187179210T>C,0.1394,KLKB1
19g.55286854A>G,0.1413,KIR2DL1 KIR2DL3 KIR2DL4 KIR3DL1 CTB-61M7.1
19g.55146139A>G,0.1414,LILRB1
19g.55331308C>A,0.142,KIR3DL1
19g.55350963_55350964insCCCGGAGCTCCTATGACATGTA,0.145,KIR3DL1 KIR2DS4
19g.55146565G>A,0.1511,LILRB1
4g.55602765G>C,0.1514,KIT-001
19g.55147071A>G,0.1547,LILRB1
19g.55258778G>A,0.1573,KIR2DL3 KIR2DL4 KIR3DL1 CTB-61M7.1
1g.169676486A>G,0.1627,SELL C1orf112
19g.55144710A>T,0.1648,LILRB1
19g.55144711G>C,0.1648,LILRB1
19g.55327960C>T,0.1661,KIR3DL1
19g.55263830A>T,0.1694,KIR2DL3 KIR2DL4 KIR3DL1 CTB-61M7.1
17g.38711222T>C,0.1715,CCR7
1g.204129671A>C,0.1715,REN
19g.55418175C>T,0.1743,NCR1
19g.55316498G>A,0.1744,KIR2DL4 KIR3DL1
19g.55284962C>G,0.1754,KIR2DL1 KIR2DL3 KIR2DL4 KIR3DL1 CTB-61M7.1
1g.169673838G>A,0.17600000000000002,SELL C1orf112
19g.55377280G>A,0.1764,KIR3DL1 KIR3DL2
19g.55325455G>A,0.1797,KIR2DL4 KIR3DL1
19g.55316488C>T,0.1808,KIR2DL4 KIR3DL1
17g.61566031G>A,0.1814,ACE ACE
19g.55317456G>A,0.1836,KIR2DL4 KIR3DL1
2g.136873084G>A,0.1841,CXCR4
19g.55144186C>T,0.1871,LILRB1
8g.143995761C>T,0.1879,CYP11B2 GML
19g.55144141A>G,0.1899,LILRB1
3g.45814094G>A,0.1924,SLC6A20
19g.55324566C>T,0.1974,KIR2DL4 KIR3DL1
19g.55324635T>C,0.1974,KIR2DL4 KIR3DL1
19g.88482A>T,0.2062,
6g.31556928C>A,0.2067,NCR3
6g.31556922C>T,0.2067,NCR3
19g.55316541G>A,0.2075,KIR2DL4 KIR3DL1
19g.67621C>T,0.2151,WASH5P
9g.90062823A>G,0.2152,
19g.55316523A>G,0.2157,KIR2DL4 KIR3DL1
6g.41318438A>G,0.2158,NCR2
19g.55284943C>A,0.2173,KIR2DL1 KIR2DL3 KIR2DL4 KIR3DL1 CTB-61M7.1
19g.55284939A>G,0.2212,KIR2DL1 KIR2DL3 KIR2DL4 KIR3DL1 CTB-61M7.1
19g.55328993G>C,0.2215,KIR3DL1
19g.55329922A>T,0.2215,KIR3DL1
17g.72469966G>A,0.2218,CD300A
9g.136131461G>A,0.2222,ABO
9g.136131188C>T,0.2222,ABO
9g.136131315C>G,0.2222,ABO
9g.136131415C>T,0.2222,ABO
9g.136131322G>T,0.2222,ABO
3g.45834994C>A,0.2232,SLC6A20
10g.101841153A>G,0.2266,CPN1-001
19g.55329901A>G,0.2308,KIR3DL1
19g.55144126C>T,0.2321,LILRB1
19g.55144179C>T,0.2321,LILRB1
11g.112832405T>A,0.2342,NCAM1 RP11-629G13.1
19g.55144720A>C,0.2378,LILRB1
19g.55329021A>G,0.2385,KIR3DL1
19g.45162189C>A,0.2389,PVR CTB-171A8.1
19g.55329842G>T,0.2444,KIR3DL1
5g.156516004C>G,0.2465,HAVCR2
9g.136131350G>T,0.2465,ABO
19g.55329783A>G,0.2474,KIR3DL1
6g.30458064G>A,0.2482,HLA-E-001
2g.219000310C>T,0.2495,CXCR2-001
4g.185999543G>A,0.2509,RP11-386B13.3-001
19g.55285053T>G,0.2555,KIR2DL1 KIR2DL3 KIR2DL4 KIR3DL1 CTB-61M7.1
19g.75658T>C,0.2571,FAM138F MIR1302-2 WASH5P
19g.55344239T>G,0.2574,KIR3DL1 KIR2DS4
3g.46414944_46414975delACAGTCAGTATCAATTCTGGAAGAATTTCCAG,0.2597,CCR5 RP11-24F11.2
19g.55285027A>C,0.2599,KIR2DL1 KIR2DL3 KIR2DL4 KIR3DL1 CTB-61M7.1
19g.55148331C>T,0.2617,LILRB1 AC009892.10
12g.6882895T>A,0.2646,LAG3
19g.55284944A>T,0.2649,KIR2DL1 KIR2DL3 KIR2DL4 KIR3DL1 CTB-61M7.1
6g.30457732T>C,0.268,HLA-E-001
5g.57617403G>C,0.2681,
19g.55146077A>G,0.2708,LILRB1
19g.55146076C>T,0.2708,LILRB1
1g.11896141A>G,0.2708,CLCN6
11g.113102356A>C,0.2759,NCAM1
3g.154801978A>G,0.2767,MME
16g.67469915G>A,0.2769,HSD11B2-001
3g.114014427A>G,0.2794,TIGIT
21g.42852497C>T,0.281,TMPRSS2
1g.161519476C>T,0.2831,FCGR3A RP11-25K21.6
19g.55420801C>A,0.2833,NCR1
19g.55263886G>C,0.2904,KIR2DL3 KIR2DL4 KIR3DL1 CTB-61M7.1
19g.55317564A>G,0.2911,KIR2DL4 KIR3DL1
19g.55284908T>C,0.2935,KIR2DL1 KIR2DL3 KIR2DL4 KIR3DL1 CTB-61M7.1
19g.55263864A>G,0.3,KIR2DL3 KIR2DL4 KIR3DL1 CTB-61M7.1
9g.136133506A>G,0.3005,ABO
19g.55286780C>T,0.3012,KIR2DL1 KIR2DL3 KIR2DL4 KIR3DL1 CTB-61M7.1
3g.45834811G>T,0.3029,SLC6A20
19g.55363719C>G,0.3054,KIR3DL2 KIR3DL1
19g.62470_62471insG,0.307,WASH5P
1g.11850750G>A,0.3081,MTHFR
6g.31557640C>T,0.3118,NCR3
12g.10571042A>G,0.3124,KLRC3 NKG2-E
19g.51326950C>T,0.3144,KLK1
12g.10599270G>A,0.3149,KLRC1
19g.55358658T>C,0.3178,KIR3DL1 KIR2DS4
1g.169677709A>G,0.3189,SELL C1orf112
11g.134252906_134252907insG,0.32,B3GAT1
19g.55286769C>A,0.3225,KIR2DL1 KIR2DL3 KIR2DL4 KIR3DL1 CTB-61M7.1
19g.55263672T>A,0.3236,KIR2DL3 KIR2DL4 KIR3DL1 CTB-61M7.1
19g.123902C>A,0.3238,
11g.113113515G>A,0.3246,NCAM1
19g.55317524G>A,0.327,KIR2DL4 KIR3DL1
19g.55330019C>T,0.327,KIR3DL1
19g.55329892A>G,0.327,KIR3DL1
1g.11807615G>C,0.3273,AGTRAP
19g.55354384G>A,0.3307,KIR3DL1 KIR2DS4
19g.55263657G>A,0.3335,KIR2DL3 KIR2DL4 KIR3DL1 CTB-61M7.1
19g.55329831C>T,0.3384,KIR3DL1
7g.150704250C>G,0.3394,NOS3
17g.61554706T>G,0.3402,ACE
14g.96730142A>G,0.3487,BDKRB1 RP11-404P21.8 RP11-404P21.3
19g.55284882A>G,0.3497,KIR2DL1 KIR2DL3 KIR2DL4 KIR3DL1 CTB-61M7.1
19g.55263898G>C,0.3498,KIR2DL3 KIR2DL4 KIR3DL1 CTB-61M7.1
19g.55263897C>T,0.3498,KIR2DL3 KIR2DL4 KIR3DL1 CTB-61M7.1
19g.55148031T>C,0.3516,LILRB1 AC009892.10
1g.11918254T>G,0.3517,NPPB-001
5g.156525921_156525922delAG,0.3522,HAVCR2
19g.55317506C>G,0.3533,KIR2DL4 KIR3DL1
19g.55317489C>A,0.3533,KIR2DL4 KIR3DL1
19g.55286927G>C,0.3534,KIR2DL1 KIR2DL3 KIR2DL4 KIR3DL1 CTB-61M7.1
3g.45804391C>T,0.3553,SLC6A20
19g.55255357G>C,0.3575,KIR2DL3 KIR2DL4 KIR3DL1 CTB-61M7.1
19g.55286844G>A,0.3604,KIR2DL1 KIR2DL3 KIR2DL4 KIR3DL1 CTB-61M7.1
10g.101824954G>A,0.3654,CPN1-001
19g.55286836G>C,0.3667,KIR2DL1 KIR2DL3 KIR2DL4 KIR3DL1 CTB-61M7.1
19g.55328973T>G,0.3683,KIR3DL1
3g.46414557T>A,0.3709,CCR5 RP11-24F11.2
19g.55148249G>A,0.3726,LILRB1 AC009892.10
19g.55333139G>C,0.3739,KIR3DL1
6g.31557791G>A,0.3744,NCR3
12g.69252715A>G,0.3767,CPM
19g.55317497C>A,0.3793,KIR2DL4 KIR3DL1
19g.55253521C>G,0.38,KIR2DL3 KIR2DL4 KIR3DL1 CTB-61M7.1
6g.161132146C>T,0.3801,PLG
19g.55263674T>C,0.3835,KIR2DL3 KIR2DL4 KIR3DL1 CTB-61M7.1
19g.55340836A>G,0.3841,KIR3DL1
1g.11854457G>A,0.3851,MTHFR
7g.150709571G>T,0.3869,ATG9B NOS3
19g.55286752G>C,0.3883,KIR2DL1 KIR2DL3 KIR2DL4 KIR3DL1 CTB-61M7.1
19g.55316471T>A,0.3906,KIR2DL4 KIR3DL1
3g.45817418A>G,0.3932,SLC6A20
5g.156531736C>A,0.3948,HAVCR2
19g.45162038A>G,0.39799999999999996,PVR CTB-171A8.1
19g.55358645C>T,0.4022,KIR3DL1 KIR2DS4
19g.55281291T>A,0.4031,KIR2DL1 KIR2DL3 KIR2DL4 KIR3DL1 CTB-61M7.1
19g.51323676C>T,0.4038,KLK1
19g.104267G>A,0.406,OR4F17 OR4G1P
19g.55263923C>T,0.4093,KIR2DL3 KIR2DL4 KIR3DL1 CTB-61M7.1
3g.186459927T>C,0.4093,KNG1 RP11-573D15.8
3g.45835415_45835416insA,0.4109,SLC6A20
6g.161137779T>C,0.4118,PLG
5g.176831826C>G,0.4128,F12 GRK6
19g.55284787G>T,0.4183,KIR2DL1 KIR2DL3 KIR2DL4 KIR3DL1 CTB-61M7.1
19g.55286864A>C,0.4188,KIR2DL1 KIR2DL3 KIR2DL4 KIR3DL1 CTB-61M7.1
8g.143996553G>A,0.4216,CYP11B2 GML
8g.143996539T>C,0.4216,CYP11B2 GML
19g.55263898G>A,0.4216,KIR2DL3 KIR2DL4 KIR3DL1 CTB-61M7.1
19g.128734C>T,0.4234,
19g.55377814G>A,0.4252,KIR3DL1 KIR3DL2
19g.55284824G>C,0.4262,KIR2DL1 KIR2DL3 KIR2DL4 KIR3DL1 CTB-61M7.1
3g.154878159delA,0.42700000000000005,MME MME-AS1
14g.96707457A>G,0.4273,BDKRB2 RP11-404P21.8
1g.161518214T>C,0.4302,FCGR3A RP11-25K21.6
1g.230841687T>C,0.4324,AGT-001
6g.41303995A>G,0.4357,NCR2
19g.55144208G>A,0.4358,LILRB1
11g.112832391_112832392insT,0.4376,NCAM1 RP11-629G13.1
1g.11850927C>T,0.4392,MTHFR
1g.161518333A>T,0.4426,FCGR3A RP11-25K21.6
12g.10588454A>G,0.4442,NKG2-E KLRC2
19g.55317490A>G,0.4445,KIR2DL4 KIR3DL1
19g.55263802C>G,0.4454,KIR2DL3 KIR2DL4 KIR3DL1 CTB-61M7.1
19g.55358659G>A,0.4483,KIR3DL1 KIR2DS4
2g.242793273A>G,0.4495,PDCD1-001
19g.55284772C>A,0.4517,KIR2DL1 KIR2DL3 KIR2DL4 KIR3DL1 CTB-61M7.1
19g.55341633G>C,0.4557,KIR3DL1
17g.61573761T>C,0.4559,ACE ACE
19g.55377884C>T,0.456,KIR3DL1 KIR3DL2
19g.55423530C>T,0.4562,NCR1
19g.55286850T>C,0.4568,KIR2DL1 KIR2DL3 KIR2DL4 KIR3DL1 CTB-61M7.1
19g.67592T>C,0.4573,WASH5P
1g.11907603G>A,0.46,NPPA NPPA-AS1
14g.96730718G>A,0.4612,BDKRB1 RP11-404P21.3
19g.55316465A>G,0.4614,KIR2DL4 KIR3DL1
19g.55316470T>C,0.4614,KIR2DL4 KIR3DL1
19g.55350979A>G,0.4626,KIR3DL1 KIR2DS4
9g.136136770A>C,0.4667,ABO
9g.136135238T>C,0.4667,ABO
19g.55250036T>C,0.4694,KIR2DL3 KIR2DL4 KIR3DL1 CTB-61M7.1
19g.55329752T>C,0.4696,KIR3DL1
11g.113111501T>C,0.47,NCAM1
19g.55377307T>A,0.4714,KIR3DL1 KIR3DL2
19g.55250061C>A,0.4749,KIR2DL3 KIR2DL4 KIR3DL1 CTB-61M7.1
19g.55331419C>T,0.4765,KIR3DL1
19g.55349031G>A,0.4794,KIR3DL1 KIR2DS4
19g.70102T>C,0.4807,WASH5P
3g.45835570A>C,0.4828,SLC6A20
3g.45835828T>C,0.4828,SLC6A20
19g.55418054A>C,0.4841,NCR1
3g.45837886G>C,0.4897,SLC6A20
19g.55340906G>A,0.4907,KIR3DL1
19g.55367314C>A,0.4927,KIR3DL2 KIR3DL1
19g.107456T>G,0.4928,OR4G1P OR4F17
19g.55361942G>T,0.4965,KIR3DL2 KIR3DL1
19g.55362719G>T,0.4965,KIR3DL2 KIR3DL1
19g.55341621G>C,0.4976,KIR3DL1
19g.55340835C>T,0.5009,KIR3DL1
19g.55340841G>C,0.5009,KIR3DL1
19g.67669C>T,0.5011,WASH5P
19g.55349273C>A,0.5037,KIR3DL1 KIR2DS4
19g.55281352C>G,0.5038,KIR2DL1 KIR2DL3 KIR2DL4 KIR3DL1 CTB-61M7.1
17g.61574492G>A,0.5103,ACE ACE
19g.55294454C>T,0.5113,KIR2DL1 KIR2DL3 KIR2DL4 KIR3DL1 CTB-61M7.1
19g.55255326C>T,0.5134,KIR2DL3 KIR2DL4 KIR3DL1 CTB-61M7.1
19g.55284986C>A,0.5138,KIR2DL1 KIR2DL3 KIR2DL4 KIR3DL1 CTB-61M7.1
1g.11906068A>G,0.5172,NPPA NPPA-AS1
19g.55317530A>G,0.5193,KIR2DL4 KIR3DL1
19g.55317528G>A,0.5193,KIR2DL4 KIR3DL1
19g.55317529A>G,0.5193,KIR2DL4 KIR3DL1
19g.62421A>G,0.5266,WASH5P
5g.176831178delC,0.5287,F12 GRK6
19g.51656454A>T,0.5295,SIGLEC7 CTD-3187F8.14
19g.55284765C>T,0.5311,KIR2DL1 KIR2DL3 KIR2DL4 KIR3DL1 CTB-61M7.1
1g.11897082C>T,0.5316,CLCN6
1g.11907648C>T,0.5316,NPPA NPPA-AS1
10g.101823396C>T,0.5317,CPN1-001
11g.82535963C>T,0.5336,PRCP
19g.55378008C>T,0.5343,KIR3DL1 KIR3DL2
1g.230845977G>A,0.5346,AGT-001
19g.55377343C>T,0.5362,KIR3DL1 KIR3DL2
19g.55295215A>G,0.5373,KIR2DL1 KIR2DL3 KIR2DL4 KIR3DL1 CTB-61M7.1
6g.161139502G>A,0.5373,PLG
6g.161139480C>T,0.5373,PLG
19g.55143491G>T,0.5375,LILRB1
12g.9985915G>T,0.5381,KLRF1
19g.55344246G>A,0.5398,KIR3DL1 KIR2DS4
1g.230845794A>G,0.541,AGT-001
19g.55377319C>A,0.542,KIR3DL1 KIR3DL2
19g.55377871T>C,0.5432,KIR3DL1 KIR3DL2
4g.187159405T>C,0.5438,KLKB1
19g.55286781G>A,0.5459,KIR2DL1 KIR2DL3 KIR2DL4 KIR3DL1 CTB-61M7.1
19g.55377891G>A,0.5489999999999999,KIR3DL1 KIR3DL2
19g.55333246C>T,0.551,KIR3DL1
19g.55333275G>T,0.551,KIR3DL1
19g.55344267G>A,0.5529999999999999,KIR3DL1 KIR2DS4
4g.111397585G>A,0.5529999999999999,ENPEP-001
3g.148459395C>T,0.5535,AGTR1
6g.30460232C>T,0.5559,HLA-E-001
12g.10532326T>C,0.5564,KLRK1 KLRC4-KLRK1 RP11-277P12.20
19g.55263734G>A,0.5565,KIR2DL3 KIR2DL4 KIR3DL1 CTB-61M7.1
19g.55286809G>A,0.5567,KIR2DL1 KIR2DL3 KIR2DL4 KIR3DL1 CTB-61M7.1
3g.39323163A>C,0.5595,CX3CR1-201
19g.55320279G>A,0.5599,KIR2DL4 KIR3DL1
9g.136131057delG,0.5651,ABO
21g.42845383A>G,0.5659,TMPRSS2
19g.118625T>C,0.5663,
1g.204125464_204125465insCAGACAGACAGA,0.5667,REN
1g.204125464_204125465insCAGACAGA,0.5679,REN
19g.55341729G>A,0.5691,KIR3DL1
19g.55341632C>T,0.5693,KIR3DL1
19g.73950C>T,0.57,MIR1302-2 FAM138F WASH5P
19g.55286795T>C,0.5756,KIR2DL1 KIR2DL3 KIR2DL4 KIR3DL1 CTB-61M7.1
9g.136132873T>C,0.5762,ABO
19g.55281312T>A,0.5816,KIR2DL1 KIR2DL3 KIR2DL4 KIR3DL1 CTB-61M7.1
6g.41318424T>A,0.5869,NCR2
19g.55286778A>G,0.5872,KIR2DL1 KIR2DL3 KIR2DL4 KIR3DL1 CTB-61M7.1
19g.55255534C>T,0.5899,KIR2DL3 KIR2DL4 KIR3DL1 CTB-61M7.1
11g.112832392delT,0.5917,NCAM1 RP11-629G13.1
19g.55284791A>G,0.5958,KIR2DL1 KIR2DL3 KIR2DL4 KIR3DL1 CTB-61M7.1
1g.11856378G>A,0.5996,MTHFR
1g.11884619G>A,0.6076,CLCN6
19g.55294927A>G,0.6096,KIR2DL1 KIR2DL3 KIR2DL4 KIR3DL1 CTB-61M7.1
19g.45150614G>A,0.6109,PVR CTB-171A8.1
3g.45835076G>A,0.6123,SLC6A20
3g.45834878G>A,0.6123,SLC6A20
3g.45835416C>A,0.6123,SLC6A20
19g.55344215G>C,0.6127,KIR3DL1 KIR2DS4
19g.55349264G>A,0.6129,KIR3DL1 KIR2DS4
19g.55351022A>C,0.6129,KIR3DL1 KIR2DS4
7g.150695726T>C,0.6164,NOS3
12g.10573094C>G,0.6208,KLRC3 NKG2-E
16g.81816733C>T,0.6223,PLCG2-001
19g.88518T>C,0.6246,
6g.161173946T>G,0.6248,PLG
19g.55258830C>T,0.6255,KIR2DL3 KIR2DL4 KIR3DL1 CTB-61M7.1
19g.55341713G>A,0.6273,KIR3DL1
19g.55263194G>C,0.6274,KIR2DL3 KIR2DL4 KIR3DL1 CTB-61M7.1
19g.55263673G>T,0.6278,KIR2DL3 KIR2DL4 KIR3DL1 CTB-61M7.1
19g.55349328T>C,0.6296,KIR3DL1 KIR2DS4
19g.55263968C>A,0.63,KIR2DL3 KIR2DL4 KIR3DL1 CTB-61M7.1
19g.55365343G>A,0.6304,KIR3DL2 KIR3DL1
11g.82564294T>G,0.6312,PRCP
19g.55285072A>G,0.6322,KIR2DL1 KIR2DL3 KIR2DL4 KIR3DL1 CTB-61M7.1
21g.42879909C>A,0.6332,TMPRSS2
12g.69260779C>T,0.634,CPM
9g.136132908_136132909insC,0.6342,ABO
19g.55258792C>T,0.6353,KIR2DL3 KIR2DL4 KIR3DL1 CTB-61M7.1
1g.169672596delA,0.6362,SELL C1orf112
19g.55377988A>T,0.6362,KIR3DL1 KIR3DL2
20g.48301146G>A,0.637,B4GALT5-001
17g.72469958A>G,0.6378,CD300A
11g.113078660G>A,0.6382,NCAM1
3g.45835417G>A,0.6391,SLC6A20
3g.186437944T>C,0.6408,KNG1 RP11-573D15.8
19g.55377348G>C,0.6421,KIR3DL1 KIR3DL2
3g.45834988A>T,0.6424,SLC6A20
18g.67531642T>C,0.6445,CD226
19g.55333096T>C,0.6446,KIR3DL1
19g.55377875C>G,0.6453,KIR3DL1 KIR3DL2
19g.10625067A>C,0.6457,S1PR5
6g.161152240G>A,0.6476,PLG
19g.55377302T>C,0.6495,KIR3DL1 KIR3DL2
19g.55377303C>T,0.6495,KIR3DL1 KIR3DL2
19g.55317436G>A,0.6522,KIR2DL4 KIR3DL1
19g.55263946C>T,0.6562,KIR2DL3 KIR2DL4 KIR3DL1 CTB-61M7.1
17g.61557200C>T,0.6571,ACE
19g.55341709_55341712delCAAA,0.6579999999999999,KIR3DL1
19g.55258808C>T,0.6581,KIR2DL3 KIR2DL4 KIR3DL1 CTB-61M7.1
3g.186435370G>A,0.6583,KNG1 RP11-573D15.8
9g.136131289C>T,0.6619,ABO
9g.136131472A>T,0.6619,ABO
9g.136131347G>A,0.6619,ABO
19g.55344208A>T,0.6656,KIR3DL1 KIR2DS4
19g.55324674_55324675insA,0.6675,KIR2DL4 KIR3DL1
19g.55294931T>C,0.6679,KIR2DL1 KIR2DL3 KIR2DL4 KIR3DL1 CTB-61M7.1
4g.111398208A>G,0.6699,ENPEP-001
4g.55593464A>C,0.6711,KIT-001
3g.186445052T>G,0.6714,KNG1 RP11-573D15.8
19g.55143156T>C,0.6727,LILRB1
19g.55143157G>A,0.6727,LILRB1
11g.57381989G>A,0.6746,SERPING1
4g.149358014G>C,0.6766,NR3C2
19g.118665A>G,0.6784,
5g.176830627G>A,0.6809999999999999,F12 GRK6
19g.55346565G>T,0.6878,KIR3DL1 KIR2DS4
8g.143994321T>C,0.6909,CYP11B2 GML
9g.136135237A>G,0.6914,ABO
9g.136131437C>T,0.6914,ABO
8g.143994266A>G,0.6959,CYP11B2 GML
3g.154866453T>C,0.6963,MME
12g.10588581T>C,0.6976,NKG2-E KLRC2
19g.55282351C>A,0.6984,KIR2DL1 KIR2DL3 KIR2DL4 KIR3DL1 CTB-61M7.1
19g.55377340T>C,0.6987,KIR3DL1 KIR3DL2
2g.219000292C>T,0.7048,CXCR2-001
1g.11876662G>A,0.7068,CLCN6
5g.176836532A>G,0.7072,F12 GRK6
19g.55285045G>T,0.7102,KIR2DL1 KIR2DL3 KIR2DL4 KIR3DL1 CTB-61M7.1
8g.143994279A>G,0.7131,CYP11B2 GML
19g.55341575G>C,0.7149,KIR3DL1
7g.150700291G>A,0.7167,NOS3
19g.55349347A>T,0.7194,KIR3DL1 KIR2DS4
19g.55317439C>T,0.7194,KIR2DL4 KIR3DL1
19g.55363504G>A,0.7194,KIR3DL2 KIR3DL1
19g.55255377C>T,0.7227,KIR2DL3 KIR2DL4 KIR3DL1 CTB-61M7.1
6g.161139857A>G,0.7259,PLG
6g.161143608T>C,0.7259,PLG
4g.111482717T>A,0.7287,ENPEP-001
17g.38715186T>C,0.7291,CCR7
1g.161514542A>C,0.7295,FCGR3A RP11-25K21.6
21g.42860307C>T,0.7316,TMPRSS2
12g.10588530C>G,0.732,NKG2-E KLRC2
21g.42842591C>T,0.7321,TMPRSS2
6g.161137663T>G,0.7339,PLG
19g.55263969T>A,0.7345,KIR2DL3 KIR2DL4 KIR3DL1 CTB-61M7.1
19g.55263727G>T,0.7345,KIR2DL3 KIR2DL4 KIR3DL1 CTB-61M7.1
17g.61562309C>T,0.7348,ACE ACE
3g.186440243G>A,0.7367,KNG1 RP11-573D15.8
19g.55143452T>C,0.737,LILRB1
19g.55329789C>G,0.7377,KIR3DL1
19g.55329774T>A,0.7391,KIR3DL1
4g.187178473G>A,0.7408,KLKB1
9g.133263750T>C,0.7434,HMCN2-006
1g.169672595G>T,0.7435,SELL C1orf112
19g.55253422C>T,0.7478,KIR2DL3 KIR2DL4 KIR3DL1 CTB-61M7.1
14g.96703484C>T,0.7511,BDKRB2 RP11-404P21.8
19g.55349320G>C,0.7516,KIR3DL1 KIR2DS4
19g.55144147C>T,0.7556,LILRB1
4g.111409705T>C,0.7567,ENPEP-001
19g.55367080A>T,0.7575,KIR3DL2 KIR3DL1
19g.55255290C>T,0.758,KIR2DL3 KIR2DL4 KIR3DL1 CTB-61M7.1
18g.67540368T>G,0.7588,CD226
19g.67623C>T,0.7609999999999999,WASH5P
8g.143995743C>T,0.7618,CYP11B2 GML
19g.55350948A>T,0.763,KIR3DL1 KIR2DS4
19g.55263963G>A,0.7686,KIR2DL3 KIR2DL4 KIR3DL1 CTB-61M7.1
4g.149357475C>T,0.7704,NR3C2
4g.149356516A>G,0.7704,NR3C2
11g.113078035C>T,0.7709999999999999,NCAM1
17g.61574712G>A,0.7713,ACE ACE
19g.55363704G>A,0.773,KIR3DL2 KIR3DL1
19g.55329822A>C,0.7734,KIR3DL1
19g.55317541T>C,0.7808,KIR2DL4 KIR3DL1
19g.55294969A>G,0.7858,KIR2DL1 KIR2DL3 KIR2DL4 KIR3DL1 CTB-61M7.1
19g.55263689A>G,0.7888,KIR2DL3 KIR2DL4 KIR3DL1 CTB-61M7.1
10g.101829514C>T,0.7889,CPN1-001
19g.75639G>T,0.7892,FAM138F MIR1302-2 WASH5P
19g.55286665T>A,0.79,KIR2DL1 KIR2DL3 KIR2DL4 KIR3DL1 CTB-61M7.1
19g.55349293G>T,0.7944,KIR3DL1 KIR2DS4
19g.55255490A>C,0.8004,KIR2DL3 KIR2DL4 KIR3DL1 CTB-61M7.1
12g.6887020T>C,0.8031,LAG3
1g.11854896G>A,0.8063,MTHFR
19g.55255493C>T,0.8066,KIR2DL3 KIR2DL4 KIR3DL1 CTB-61M7.1
19g.55329934A>G,0.8088,KIR3DL1
2g.219028932G>A,0.8109999999999999,CXCR1-001
2g.219029843A>C,0.8109999999999999,CXCR1-001
19g.55142739A>C,0.8121,LILRB1
12g.10525740C>T,0.8129,KLRK1 KLRC4-KLRK1 RP11-277P12.20
19g.55340933G>C,0.8129,KIR3DL1
19g.55367083A>G,0.8137,KIR3DL2 KIR3DL1
17g.61564052A>G,0.8148,ACE ACE
1g.169672589G>T,0.8163,SELL C1orf112
19g.55346543T>G,0.8179,KIR3DL1 KIR2DS4
1g.204131186T>G,0.818,REN
19g.55329854G>A,0.8182,KIR3DL1
19g.55331362C>T,0.8186,KIR3DL1
19g.55331372T>G,0.8186,KIR3DL1
19g.55341661T>A,0.8194,KIR3DL1
9g.136131523G>A,0.821,ABO
19g.55316438A>T,0.8249,KIR2DL4 KIR3DL1
19g.55341672T>C,0.8277,KIR3DL1
1g.11854476T>G,0.8414,MTHFR
19g.55286774G>C,0.8416,KIR2DL1 KIR2DL3 KIR2DL4 KIR3DL1 CTB-61M7.1
12g.69265578A>G,0.8484,CPM
19g.55255237_55255238insT,0.8496,KIR2DL3 KIR2DL4 KIR3DL1 CTB-61M7.1
19g.55358655A>G,0.8527,KIR3DL1 KIR2DS4
3g.186459646G>A,0.8539,KNG1 RP11-573D15.8
3g.186459475C>G,0.8539,KNG1 RP11-573D15.8
3g.186459775C>T,0.8539,KNG1 RP11-573D15.8
3g.186460110G>C,0.8539,KNG1 RP11-573D15.8
11g.113085244C>G,0.8554,NCAM1
19g.104012A>G,0.8556,OR4F17 OR4G1P
19g.55286767G>T,0.8595,KIR2DL1 KIR2DL3 KIR2DL4 KIR3DL1 CTB-61M7.1
11g.113078586G>A,0.8615,NCAM1
6g.131148863A>T,0.8642,SMLR1-001
19g.55341703C>A,0.8757,KIR3DL1
19g.55258831G>A,0.8794,KIR2DL3 KIR2DL4 KIR3DL1 CTB-61M7.1
19g.55329750A>G,0.8806,KIR3DL1
19g.55263939G>A,0.882,KIR2DL3 KIR2DL4 KIR3DL1 CTB-61M7.1
19g.55253465C>G,0.8832,KIR2DL3 KIR2DL4 KIR3DL1 CTB-61M7.1
3g.186443018T>C,0.8849,KNG1 RP11-573D15.8
19g.55286650T>C,0.8859,KIR2DL1 KIR2DL3 KIR2DL4 KIR3DL1 CTB-61M7.1
17g.61559923C>T,0.8864,ACE
19g.55341589C>T,0.8886,KIR3DL1
19g.118839C>T,0.8924,
19g.120675C>G,0.8968,
19g.55284858G>A,0.9006,KIR2DL1 KIR2DL3 KIR2DL4 KIR3DL1 CTB-61M7.1
19g.55377325C>T,0.9008,KIR3DL1 KIR3DL2
19g.55143083T>C,0.9024,LILRB1
19g.55367093T>A,0.9029,KIR3DL2 KIR3DL1
19g.55316398G>A,0.9035,KIR2DL4 KIR3DL1
7g.150696111T>G,0.9037,NOS3
19g.55341681C>T,0.9042,KIR3DL1
19g.55284987G>A,0.9046,KIR2DL1 KIR2DL3 KIR2DL4 KIR3DL1 CTB-61M7.1
4g.187158034G>A,0.9072,KLKB1
3g.186461524C>T,0.9082,KNG1 RP11-573D15.8
19g.55330036G>A,0.9088,KIR3DL1
10g.101802262G>A,0.9124,CPN1-001
19g.55263184C>T,0.9159,KIR2DL3 KIR2DL4 KIR3DL1 CTB-61M7.1
4g.55599268C>T,0.9169,KIT-001
18g.67534632C>T,0.9172,CD226
19g.55315326A>C,0.9217,KIR2DL4 KIR3DL1
19g.55333023C>T,0.9217,KIR3DL1
19g.55331287G>T,0.9217,KIR3DL1
19g.55286773A>G,0.9223,KIR2DL1 KIR2DL3 KIR2DL4 KIR3DL1 CTB-61M7.1
19g.55340822C>T,0.9225,KIR3DL1
17g.61554686G>A,0.9256,ACE
19g.55250979C>A,0.9257,KIR2DL3 KIR2DL4 KIR3DL1 CTB-61M7.1
3g.114018441T>C,0.9276,TIGIT
19g.55290108A>G,0.9276,KIR2DL1 KIR2DL3 KIR2DL4 KIR3DL1 CTB-61M7.1
3g.45834981_45834982insT,0.9292,SLC6A20
19g.55341658C>T,0.9327,KIR3DL1
9g.136131592G>C,0.9351,ABO
19g.55143982T>C,0.9366,LILRB1
19g.55263696A>G,0.9383,KIR2DL3 KIR2DL4 KIR3DL1 CTB-61M7.1
19g.55263974_55263977delCAAA,0.9433,KIR2DL3 KIR2DL4 KIR3DL1 CTB-61M7.1
19g.55346534G>C,0.9445,KIR3DL1 KIR2DS4
19g.55285082T>C,0.9459,KIR2DL1 KIR2DL3 KIR2DL4 KIR3DL1 CTB-61M7.1
6g.30458933G>C,0.9461,HLA-E-001
19g.83957T>C,0.9498,
2g.219029108C>G,0.9517,CXCR1-001
19g.55316329A>G,0.9538,KIR2DL4 KIR3DL1
19g.55377813C>T,0.9567,KIR3DL1 KIR3DL2
1g.11863057G>A,0.9578,MTHFR
19g.55365240C>A,0.9590000000000001,KIR3DL2 KIR3DL1
19g.55378083T>C,0.9590000000000001,KIR3DL1 KIR3DL2
19g.118871A>T,0.9608,
8g.143994702G>T,0.9620000000000001,CYP11B2 GML
19g.55341372G>A,0.9636,KIR3DL1
19g.55341674T>A,0.966,KIR3DL1
17g.61565998A>C,0.9682,ACE ACE
17g.61565990G>C,0.9682,ACE ACE
19g.55253544A>G,0.971,KIR2DL3 KIR2DL4 KIR3DL1 CTB-61M7.1
19g.55263934T>C,0.9718,KIR2DL3 KIR2DL4 KIR3DL1 CTB-61M7.1
19g.55367064_55367066delCTC,0.9772,KIR3DL2 KIR3DL1
19g.55263978G>A,0.9772,KIR2DL3 KIR2DL4 KIR3DL1 CTB-61M7.1
19g.55281315G>T,0.9793,KIR2DL1 KIR2DL3 KIR2DL4 KIR3DL1 CTB-61M7.1
1g.78578177T>C,0.9796,GIPC2-001
19g.55253552T>A,0.9817,KIR2DL3 KIR2DL4 KIR3DL1 CTB-61M7.1
19g.55253601G>A,0.9817,KIR2DL3 KIR2DL4 KIR3DL1 CTB-61M7.1
12g.10571650G>C,0.982,KLRC3 NKG2-E
19g.55349299T>G,0.9865,KIR3DL1 KIR2DS4
19g.55316479A>G,0.9879,KIR2DL4 KIR3DL1
7g.150693575G>C,0.9879,NOS3
19g.55263937T>C,0.9885,KIR2DL3 KIR2DL4 KIR3DL1 CTB-61M7.1
11g.112832358T>C,0.9939,NCAM1 RP11-629G13.1
11g.112832353T>C,0.9939,NCAM1 RP11-629G13.1
11g.112832340delC,0.9939,NCAM1 RP11-629G13.1
6g.161162406T>C,0.997,PLG
7g.150708089A>G,0.997,NOS3
